"start","end","hN_mm","iN_mean","iN_max","hN_max_60","DN_h"
2019-01-03 09:35:00,2019-01-03 13:05:00,0.53,0.0123255813953488,0.2,0.33,3.5
2019-01-05 00:00:00,2019-01-05 00:35:00,0.23,0.02875,0.13,0,0.583333333333333
2019-01-05 00:55:00,2019-01-05 07:35:00,1.82,0.0224691358024691,0.11,0.77,6.66666666666667
2019-01-05 13:15:00,2019-01-06 05:55:00,4.95,0.0246268656716418,0.1,0.82,16.6666666666667
2019-01-06 16:15:00,2019-01-06 18:35:00,1.13,0.0389655172413793,0.3,0.55,2.33333333333333
2019-01-07 07:10:00,2019-01-07 13:00:00,1.84,0.0259154929577465,0.16,0.67,5.83333333333333
2019-01-07 13:45:00,2019-01-07 23:35:00,4.08,0.0342857142857143,0.28,1.2,9.83333333333333
2019-01-08 03:45:00,2019-01-08 04:30:00,1.97,0.197,1.32,0,0.75
2019-01-08 06:40:00,2019-01-08 17:50:00,4.09,0.0302962962962963,0.44,0.93,11.1666666666667
2019-01-08 18:50:00,2019-01-08 23:40:00,4.22,0.0715254237288136,2.02,3.48,4.83333333333333
2019-01-10 18:50:00,2019-01-11 01:15:00,1.79,0.022948717948718,0.05,0.44,6.41666666666667
2019-01-11 11:35:00,2019-01-11 14:45:00,0.85,0.0217948717948718,0.22,0.68,3.16666666666667
2019-01-11 21:10:00,2019-01-11 21:15:00,0.03,0.015,0.03,0,0.0833333333333333
2019-01-12 10:25:00,2019-01-12 14:35:00,1.56,0.0305882352941176,0.18,0.56,4.16666666666667
2019-01-13 02:35:00,2019-01-13 16:30:00,9.36,0.0557142857142857,0.31,2.36,13.9166666666667
2019-01-14 09:15:00,2019-01-14 12:55:00,1.04,0.0231111111111111,0.52,1,3.66666666666667
2019-01-16 22:20:00,2019-01-17 01:30:00,1.28,0.0328205128205128,0.14,0.56,3.16666666666667
2019-01-17 11:00:00,2019-01-17 15:30:00,3.85,0.07,1.1,1.65,4.5
2019-01-22 23:55:00,2019-01-23 00:00:00,0.04,0.02,0.04,0,0.0833333333333333
2019-01-25 15:45:00,2019-01-26 09:55:00,14.85,0.0678082191780822,0.27,1.88,18.1666666666667
2019-01-27 00:20:00,2019-01-27 02:15:00,0.36,0.015,0.06,0.3,1.91666666666667
2019-01-27 06:20:00,2019-01-27 15:50:00,2.77,0.0240869565217391,0.25,1.49,9.5
2019-01-28 04:05:00,2019-01-28 04:10:00,0.09,0.045,0.09,0,0.0833333333333333
2019-01-28 04:15:00,2019-01-28 08:45:00,0.67,0.0121818181818182,0.16,0.54,4.5
2019-01-28 13:10:00,2019-01-28 15:50:00,1.2,0.0363636363636364,0.1,0.71,2.66666666666667
2019-01-30 15:35:00,2019-01-30 18:15:00,0.95,0.0287878787878788,0.1,0.69,2.66666666666667
2019-01-30 22:10:00,2019-01-31 00:15:00,0.81,0.0311538461538462,0.11,0.61,2.08333333333333
2019-02-01 05:15:00,2019-02-01 06:15:00,1.04,0.08,0.21,1.03,1
2019-02-02 12:15:00,2019-02-02 12:40:00,0.21,0.035,0.07,0,0.416666666666667
2019-02-06 22:00:00,2019-02-07 03:45:00,1.56,0.0222857142857143,0.1,0.65,5.75
2019-02-08 23:10:00,2019-02-09 05:30:00,4.89,0.0635064935064935,0.84,1.85,6.33333333333333
2019-02-10 03:30:00,2019-02-10 12:20:00,9.02,0.0842990654205607,0.26,2.05,8.83333333333333
2019-02-10 16:45:00,2019-02-10 22:20:00,6,0.0882352941176471,0.28,1.27,5.58333333333333
2019-02-28 19:25:00,2019-02-28 23:15:00,0.71,0.0151063829787234,0.13,0.33,3.83333333333333
2019-03-01 07:20:00,2019-03-01 07:45:00,0.54,0.09,0.25,0,0.416666666666667
2019-03-03 05:05:00,2019-03-03 10:10:00,2.1,0.0338709677419355,0.15,0.93,5.08333333333333
2019-03-03 10:15:00,2019-03-03 14:25:00,0.56,0.0109803921568627,0.05,0.24,4.16666666666667
2019-03-04 06:40:00,2019-03-04 06:45:00,0.06,0.03,0.06,0,0.0833333333333333
2019-03-04 07:10:00,2019-03-04 11:35:00,2.92,0.0540740740740741,1.04,2.44,4.41666666666667
2019-03-04 22:15:00,2019-03-05 00:10:00,1.05,0.04375,0.19,0.66,1.91666666666667
2019-03-06 02:25:00,2019-03-06 04:00:00,1.58,0.079,0.42,1.55,1.58333333333333
2019-03-07 07:20:00,2019-03-07 07:45:00,0.45,0.075,0.19,0,0.416666666666667
2019-03-07 12:50:00,2019-03-07 16:15:00,0.99,0.0235714285714286,0.22,0.73,3.41666666666667
2019-03-07 23:15:00,2019-03-07 23:30:00,0.2,0.05,0.11,0,0.25
2019-03-08 01:50:00,2019-03-08 02:05:00,0.27,0.0675,0.15,0,0.25
2019-03-08 04:50:00,2019-03-08 06:40:00,0.85,0.0369565217391304,0.22,0.5,1.83333333333333
2019-03-08 10:50:00,2019-03-08 11:05:00,0.51,0.1275,0.32,0,0.25
2019-03-08 19:45:00,2019-03-09 02:50:00,2.93,0.0340697674418605,0.39,0.94,7.08333333333333
2019-03-09 13:45:00,2019-03-09 16:10:00,5.6,0.186666666666667,0.98,3.14,2.41666666666667
2019-03-10 04:50:00,2019-03-10 20:00:00,17.71,0.096775956284153,0.62,2.86,15.1666666666667
2019-03-11 03:25:00,2019-03-11 10:05:00,3.25,0.0401234567901235,0.61,1.36,6.66666666666667
2019-03-11 11:30:00,2019-03-11 16:40:00,3.69,0.0585714285714286,0.54,1.56,5.16666666666667
2019-03-12 21:00:00,2019-03-12 21:55:00,0.4,0.0333333333333333,0.18,0.4,0.916666666666667
2019-03-13 09:55:00,2019-03-13 15:40:00,5.88,0.084,0.51,3.21,5.75
2019-03-14 05:30:00,2019-03-14 13:40:00,6.92,0.0698989898989899,0.34,2.39,8.16666666666667
2019-03-15 09:40:00,2019-03-15 15:35:00,9.28,0.128888888888889,2.03,6.23,5.91666666666667
2019-03-16 04:25:00,2019-03-16 09:55:00,3.2,0.0477611940298508,0.14,1.14,5.5
2019-03-17 05:10:00,2019-03-17 07:40:00,1.4,0.0451612903225806,0.21,0.68,2.5
2019-03-18 01:55:00,2019-03-18 02:25:00,0.82,0.117142857142857,0.29,0,0.5
2019-03-18 11:00:00,2019-03-18 11:15:00,0.37,0.0925,0.24,0,0.25
2019-03-25 03:05:00,2019-03-25 03:25:00,0.29,0.058,0.12,0,0.333333333333333
2019-03-25 03:40:00,2019-03-25 03:45:00,0.03,0.015,0.03,0,0.0833333333333333
2019-03-25 06:55:00,2019-03-25 15:10:00,3.85,0.0385,0.73,1.62,8.25
2019-03-26 08:55:00,2019-03-26 09:15:00,0.17,0.034,0.06,0,0.333333333333333
2019-04-03 07:15:00,2019-04-03 10:55:00,1.03,0.0228888888888889,0.12,0.64,3.66666666666667
2019-04-03 19:00:00,2019-04-03 21:30:00,3.27,0.105483870967742,0.24,2.03,2.5
2019-04-04 08:20:00,2019-04-04 10:10:00,0.99,0.0430434782608696,0.1,0.6,1.83333333333333
2019-04-04 13:00:00,2019-04-04 13:10:00,0.07,0.0233333333333333,0.04,0,0.166666666666667
2019-04-04 14:50:00,2019-04-05 05:25:00,8.38,0.0476136363636364,0.38,2.56,14.5833333333333
2019-04-24 19:15:00,2019-04-24 21:15:00,2.57,0.1028,1.08,2.44,2
2019-04-26 06:40:00,2019-04-26 08:00:00,1.18,0.0694117647058824,0.17,0.99,1.33333333333333
2019-04-27 08:30:00,2019-04-27 12:20:00,5.22,0.111063829787234,0.94,3.46,3.83333333333333
2019-04-27 16:10:00,2019-04-27 16:50:00,0.84,0.0933333333333333,0.27,0,0.666666666666667
2019-04-28 11:50:00,2019-04-28 12:15:00,4.32,0.72,2.5,0,0.416666666666667
2019-05-02 13:25:00,2019-05-02 14:35:00,0.47,0.0313333333333333,0.11,0.42,1.16666666666667
2019-05-03 21:00:00,2019-05-03 22:50:00,0.79,0.0343478260869565,0.07,0.49,1.83333333333333
2019-05-04 12:05:00,2019-05-04 16:10:00,1.34,0.0268,0.28,1.17,4.08333333333333
2019-05-06 15:40:00,2019-05-06 19:00:00,1.74,0.0424390243902439,0.33,1.11,3.33333333333333
2019-05-08 13:30:00,2019-05-08 19:35:00,6.54,0.0883783783783784,0.58,4.01,6.08333333333333
2019-05-10 03:50:00,2019-05-10 04:10:00,0.33,0.066,0.12,0,0.333333333333333
2019-05-10 04:45:00,2019-05-10 05:25:00,0.32,0.0355555555555556,0.09,0,0.666666666666667
2019-05-16 16:55:00,2019-05-16 19:00:00,0.87,0.0334615384615385,0.15,0.49,2.08333333333333
2019-05-21 03:20:00,2019-05-21 03:55:00,0.65,0.08125,0.26,0,0.583333333333333
2019-05-26 23:30:00,2019-05-27 00:40:00,0.98,0.0653333333333333,0.21,0.88,1.16666666666667
2019-05-28 05:15:00,2019-05-28 10:15:00,6.76,0.110819672131148,0.78,3.98,5
2019-06-03 03:20:00,2019-06-03 07:30:00,11.93,0.233921568627451,2.43,5.47,4.16666666666667
2019-06-06 00:30:00,2019-06-06 04:05:00,4.9,0.111363636363636,0.89,3.22,3.58333333333333
2019-06-07 17:20:00,2019-06-07 17:50:00,1.11,0.158571428571429,0.45,0,0.5
2019-06-10 18:00:00,2019-06-10 20:05:00,12.44,0.478461538461538,2.89,7.57,2.08333333333333
2019-06-11 03:00:00,2019-06-11 06:05:00,5.2,0.136842105263158,0.49,3.16,3.08333333333333
2019-06-12 09:15:00,2019-06-12 13:25:00,13.04,0.255686274509804,1.1,7.04,4.16666666666667
2019-06-13 19:20:00,2019-06-13 19:35:00,1.41,0.3525,0.7,0,0.25
2019-06-14 23:55:00,2019-06-15 02:30:00,5.03,0.1571875,0.66,3.88,2.58333333333333
2019-06-19 11:15:00,2019-06-19 19:50:00,12.24,0.117692307692308,2.94,6.85,8.58333333333333
2019-07-06 14:00:00,2019-07-06 20:05:00,2.25,0.0304054054054054,0.22,0.8,6.08333333333333
2019-07-10 19:45:00,2019-07-10 22:05:00,1.17,0.0403448275862069,0.12,0.79,2.33333333333333
2019-07-11 08:40:00,2019-07-11 09:40:00,1,0.0769230769230769,0.24,1,1
2019-07-11 15:50:00,2019-07-11 17:25:00,5.84,0.292,0.75,5.08,1.58333333333333
2019-07-20 12:30:00,2019-07-20 16:35:00,4.16,0.0832,2.86,3.74,4.08333333333333
2019-07-31 12:00:00,2019-07-31 15:05:00,4.83,0.127105263157895,2.01,4.43,3.08333333333333
2019-07-31 15:25:00,2019-07-31 19:30:00,2.02,0.0404,1.75,1.88,4.08333333333333
2019-08-07 00:05:00,2019-08-07 02:40:00,3.66,0.114375,1.13,3.41,2.58333333333333
2019-08-09 11:00:00,2019-08-09 14:20:00,1.9,0.0463414634146341,0.63,1.78,3.33333333333333
2019-08-12 15:10:00,2019-08-12 17:35:00,1.07,0.0356666666666667,0.23,0.82,2.41666666666667
2019-08-13 05:25:00,2019-08-13 06:25:00,2.82,0.216923076923077,0.63,2.82,1
2019-08-13 11:10:00,2019-08-13 14:25:00,2.12,0.053,0.76,1.42,3.25
2019-08-14 20:35:00,2019-08-15 00:05:00,1.97,0.0458139534883721,0.27,1.06,3.5
2019-08-15 07:50:00,2019-08-15 08:15:00,0.16,0.0266666666666667,0.07,0,0.416666666666667
2019-08-15 09:40:00,2019-08-15 13:15:00,2.59,0.0588636363636364,1.35,2.15,3.58333333333333
2019-08-17 13:25:00,2019-08-17 13:30:00,0.05,0.025,0.05,0,0.0833333333333333
2019-08-18 00:05:00,2019-08-18 11:20:00,13.13,0.0965441176470588,0.69,4.21,11.25
2019-08-20 16:40:00,2019-08-20 17:00:00,1.23,0.246,0.88,0,0.333333333333333
2019-08-29 02:10:00,2019-08-29 05:25:00,12.28,0.307,2.92,10.47,3.25
2019-08-31 19:45:00,2019-08-31 21:05:00,0.6,0.0352941176470588,0.31,0.5,1.33333333333333
2019-09-04 15:20:00,2019-09-04 17:45:00,1.87,0.0623333333333333,0.2,1.33,2.41666666666667
2019-09-07 03:00:00,2019-09-07 03:25:00,2.43,0.405,0.83,0,0.416666666666667
2019-09-11 13:55:00,2019-09-11 18:20:00,2.77,0.0512962962962963,0.43,1.7,4.41666666666667
2019-09-12 02:35:00,2019-09-12 02:50:00,0.57,0.1425,0.3,0,0.25
2019-09-13 06:45:00,2019-09-13 07:50:00,1.64,0.117142857142857,0.87,1.57,1.08333333333333
2019-09-16 02:25:00,2019-09-16 09:20:00,7.81,0.0929761904761905,0.28,1.98,6.91666666666667
2019-09-23 03:15:00,2019-09-23 07:45:00,2.86,0.052,0.39,1.36,4.5
2019-09-24 17:45:00,2019-09-24 18:55:00,0.76,0.0506666666666667,0.14,0.7,1.16666666666667
2019-09-24 21:45:00,2019-09-25 01:50:00,2.2,0.044,0.24,1.11,4.08333333333333
2019-09-25 21:50:00,2019-09-25 22:35:00,2.5,0.25,0.58,0,0.75
2019-09-26 10:30:00,2019-09-26 14:20:00,2.49,0.0529787234042553,0.43,1.74,3.83333333333333
2019-09-26 18:30:00,2019-09-26 23:00:00,6.91,0.125636363636364,0.62,4.67,4.5
2019-09-28 13:10:00,2019-09-28 13:20:00,0.09,0.03,0.05,0,0.166666666666667
2019-09-29 02:25:00,2019-09-30 03:40:00,26.72,0.0878947368421053,1.82,6.03,25.25
2019-09-30 23:55:00,2019-10-01 08:55:00,6.73,0.061743119266055,0.75,2.64,9
2019-10-01 21:55:00,2019-10-01 23:40:00,8.41,0.382272727272727,1.74,6.91,1.75
2019-10-02 21:50:00,2019-10-02 23:20:00,1.17,0.061578947368421,0.28,1.04,1.5
2019-10-03 10:10:00,2019-10-03 11:05:00,1.03,0.0858333333333333,0.25,1.03,0.916666666666667
2019-10-04 08:55:00,2019-10-04 17:50:00,15.36,0.142222222222222,0.75,6.16,8.91666666666667
2019-10-08 01:35:00,2019-10-08 07:15:00,4.97,0.0720289855072464,0.27,1.47,5.66666666666667
2019-10-09 10:45:00,2019-10-09 14:15:00,5.65,0.131395348837209,1.33,4.97,3.5
2019-10-09 19:55:00,2019-10-10 01:15:00,3.2,0.0492307692307692,0.42,2.16,5.33333333333333
2019-10-11 05:30:00,2019-10-11 06:45:00,0.58,0.03625,0.15,0.52,1.25
2019-10-13 20:05:00,2019-10-13 20:35:00,6.69,0.955714285714286,3.81,0,0.5
2019-10-15 15:55:00,2019-10-16 04:45:00,13.11,0.0845806451612903,0.9,3.12,12.8333333333333
2019-10-16 17:05:00,2019-10-16 23:45:00,2.9,0.0358024691358025,0.18,0.88,6.66666666666667
2019-10-17 06:20:00,2019-10-17 11:10:00,1.26,0.0213559322033898,0.16,0.94,4.83333333333333
2019-10-17 18:10:00,2019-10-17 20:05:00,0.8,0.0333333333333333,0.27,0.66,1.91666666666667
2019-10-18 11:20:00,2019-10-18 11:35:00,2.97,0.7425,1.47,0,0.25
2019-10-19 06:05:00,2019-10-19 09:20:00,0.4,0.01,0.16,0.32,3.25
2019-10-20 10:50:00,2019-10-20 23:40:00,10.83,0.0698709677419355,0.32,2.26,12.8333333333333
2019-10-27 01:20:00,2019-10-27 03:00:00,1.25,0.0595238095238095,0.17,1.05,1.66666666666667
2019-11-01 11:35:00,2019-11-01 15:25:00,2.37,0.0504255319148936,0.12,0.99,3.83333333333333
2019-11-01 17:10:00,2019-11-01 17:30:00,0.22,0.044,0.11,0,0.333333333333333
2019-11-01 22:10:00,2019-11-02 05:55:00,5.49,0.0584042553191489,0.78,3.82,7.75
2019-11-05 09:20:00,2019-11-05 12:10:00,3.28,0.0937142857142857,0.83,2.72,2.83333333333333
2019-11-06 01:50:00,2019-11-06 04:55:00,1.68,0.0442105263157895,0.11,0.75,3.08333333333333
2019-11-07 13:00:00,2019-11-07 14:55:00,1.72,0.0716666666666667,0.18,1.12,1.91666666666667
2019-11-12 09:30:00,2019-11-12 13:20:00,1.47,0.0312765957446808,0.3,1.02,3.83333333333333
2019-11-17 16:25:00,2019-11-18 03:05:00,11.54,0.0894573643410853,0.38,2.91,10.6666666666667
2019-11-18 13:20:00,2019-11-18 23:50:00,27.86,0.219370078740158,0.56,4.9,10.5
2019-11-19 03:25:00,2019-11-19 10:35:00,3.86,0.044367816091954,0.23,1.32,7.16666666666667
2019-11-22 07:15:00,2019-11-22 09:35:00,2.55,0.0879310344827586,0.27,1.44,2.33333333333333
2019-11-27 04:30:00,2019-11-27 04:50:00,0.52,0.104,0.25,0,0.333333333333333
2019-11-27 15:05:00,2019-11-27 23:15:00,3.16,0.0319191919191919,0.29,0.8,8.16666666666667
2019-11-28 06:15:00,2019-11-28 10:15:00,1.38,0.0281632653061225,0.13,0.56,4
2019-11-28 18:00:00,2019-11-28 22:05:00,2.02,0.0404,0.29,1.26,4.08333333333333
2019-11-29 15:00:00,2019-11-29 15:25:00,0.64,0.106666666666667,0.31,0,0.416666666666667
2019-12-02 22:40:00,2019-12-03 01:15:00,1.37,0.0428125,0.16,0.66,2.58333333333333
2019-12-06 07:20:00,2019-12-06 11:05:00,4.9,0.106521739130435,0.3,2.36,3.75
2019-12-06 21:00:00,2019-12-07 00:25:00,1.27,0.0302380952380952,0.17,0.65,3.41666666666667
2019-12-08 07:50:00,2019-12-08 13:45:00,2.61,0.03625,1.06,1.51,5.91666666666667
2019-12-08 21:05:00,2019-12-08 21:20:00,0.83,0.2075,0.51,0,0.25
2019-12-09 07:15:00,2019-12-09 08:45:00,0.93,0.0489473684210526,0.17,0.82,1.5
2019-12-09 13:15:00,2019-12-09 16:25:00,0.69,0.0176923076923077,0.11,0.52,3.16666666666667
2019-12-11 05:25:00,2019-12-11 13:30:00,4.83,0.0492857142857143,0.15,0.96,8.08333333333333
2019-12-13 10:30:00,2019-12-13 18:15:00,1.89,0.0201063829787234,0.11,0.57,7.75
2019-12-14 04:05:00,2019-12-14 07:30:00,4.11,0.0978571428571429,0.26,2.2,3.41666666666667
2019-12-14 15:15:00,2019-12-14 18:10:00,1.97,0.0547222222222222,0.54,1.02,2.91666666666667
2019-12-15 05:05:00,2019-12-15 06:25:00,3.07,0.180588235294118,0.64,2.85,1.33333333333333
2019-12-17 20:50:00,2019-12-17 22:35:00,2.76,0.125454545454545,0.27,2.12,1.75
2019-12-22 02:30:00,2019-12-22 03:30:00,1.1,0.0846153846153846,0.14,1.1,1
2019-12-22 12:55:00,2019-12-22 22:10:00,6.65,0.059375,0.29,2.09,9.25
2019-12-23 05:00:00,2019-12-23 05:05:00,0.07,0.035,0.07,0,0.0833333333333333
2019-12-24 09:25:00,2019-12-24 14:05:00,7.71,0.135263157894737,0.52,2.96,4.66666666666667
2019-12-25 02:35:00,2019-12-25 07:45:00,7.15,0.113492063492063,1.02,3.86,5.16666666666667
2020-01-03 12:30:00,2020-01-03 17:25:00,2.83,0.0471666666666667,0.22,1.24,4.91666666666667
2020-01-04 13:25:00,2020-01-04 17:25:00,1.83,0.0373469387755102,0.49,1.43,4
2020-01-07 01:30:00,2020-01-07 02:15:00,0.62,0.062,0.16,0,0.75
2020-01-08 09:50:00,2020-01-08 10:30:00,0.91,0.101111111111111,0.25,0,0.666666666666667
2020-01-08 11:50:00,2020-01-08 15:20:00,1.35,0.0313953488372093,0.27,0.94,3.5
2020-01-08 20:35:00,2020-01-09 01:40:00,1.12,0.0180645161290323,0.1,0.46,5.08333333333333
2020-01-09 22:25:00,2020-01-10 01:15:00,3.27,0.0934285714285714,0.34,2,2.83333333333333
2020-01-12 17:45:00,2020-01-12 22:05:00,2.69,0.0507547169811321,0.51,1.92,4.33333333333333
2020-01-14 04:10:00,2020-01-14 06:40:00,0.6,0.0193548387096774,0.07,0.33,2.5
2020-01-15 17:15:00,2020-01-15 17:50:00,0.32,0.04,0.08,0,0.583333333333333
2020-01-27 12:10:00,2020-01-27 15:50:00,1.03,0.0228888888888889,0.15,0.84,3.66666666666667
2020-01-27 22:40:00,2020-01-27 23:45:00,1.34,0.0957142857142857,0.18,1.3,1.08333333333333
2020-01-27 23:50:00,2020-01-28 04:10:00,0.91,0.0171698113207547,0.2,0.84,4.33333333333333
2020-01-28 06:55:00,2020-01-28 09:40:00,0.83,0.0244117647058824,0.19,0.69,2.75
2020-01-28 12:30:00,2020-01-28 12:45:00,0.45,0.1125,0.34,0,0.25
2020-01-28 15:55:00,2020-01-28 19:00:00,0.33,0.00868421052631579,0.12,0.23,3.08333333333333
2020-02-01 05:55:00,2020-02-01 08:55:00,1.35,0.0364864864864865,0.2,0.87,3
2020-02-02 08:30:00,2020-02-02 15:55:00,5.99,0.0665555555555555,0.22,2.01,7.41666666666667
2020-02-02 17:10:00,2020-02-02 17:40:00,0.37,0.0528571428571429,0.18,0,0.5
2020-02-03 06:35:00,2020-02-03 11:00:00,6.82,0.126296296296296,1.14,4.48,4.41666666666667
2020-02-03 19:40:00,2020-02-03 23:35:00,3.18,0.06625,0.66,1.83,3.91666666666667
2020-02-04 08:40:00,2020-02-04 08:55:00,0.39,0.0975,0.21,0,0.25
2020-02-09 17:30:00,2020-02-09 23:05:00,15.44,0.227058823529412,1.74,11.17,5.58333333333333
2020-02-10 04:45:00,2020-02-10 07:30:00,4.57,0.134411764705882,1.37,2.19,2.75
2020-02-11 00:40:00,2020-02-11 01:00:00,1.14,0.228,0.52,0,0.333333333333333
2020-02-13 09:10:00,2020-02-13 13:30:00,8.67,0.163584905660377,0.44,3.44,4.33333333333333
2020-02-13 20:10:00,2020-02-13 22:20:00,1.04,0.0385185185185185,0.15,0.7,2.16666666666667
2020-02-16 04:05:00,2020-02-16 06:05:00,1.16,0.0464,0.21,0.8,2
2020-02-16 18:55:00,2020-02-16 23:10:00,7.49,0.144038461538462,1.36,2.9,4.25
2020-02-17 14:45:00,2020-02-17 15:10:00,4.31,0.718333333333333,2.75,0,0.416666666666667
2020-02-17 21:25:00,2020-02-18 00:15:00,1.81,0.0517142857142857,0.4,1.71,2.83333333333333
2020-02-19 01:20:00,2020-02-19 03:15:00,3.45,0.14375,0.3,2.31,1.91666666666667
2020-02-20 18:35:00,2020-02-20 22:45:00,4.98,0.0976470588235294,1.16,3.02,4.16666666666667
2020-02-22 17:50:00,2020-02-22 21:40:00,0.85,0.0180851063829787,0.19,0.41,3.83333333333333
2020-02-22 22:50:00,2020-02-23 12:10:00,17.58,0.109192546583851,0.37,3.21,13.3333333333333
2020-02-24 10:55:00,2020-02-24 18:10:00,6.06,0.0688636363636364,0.65,3.3,7.25
2020-02-25 15:05:00,2020-02-25 15:20:00,1.03,0.2575,0.6,0,0.25
2020-02-26 01:25:00,2020-02-26 07:05:00,9.92,0.143768115942029,0.62,3.79,5.66666666666667
2020-02-26 13:20:00,2020-02-26 13:35:00,0.41,0.1025,0.21,0,0.25
2020-02-27 14:25:00,2020-02-27 21:05:00,3.26,0.0402469135802469,0.14,1.4,6.66666666666667
2020-02-28 18:45:00,2020-02-28 22:05:00,5.99,0.14609756097561,0.32,2.63,3.33333333333333
2020-02-29 15:25:00,2020-02-29 15:45:00,1.77,0.354,0.75,0,0.333333333333333
2020-03-02 16:00:00,2020-03-03 00:40:00,4.61,0.0439047619047619,0.2,1.16,8.66666666666667
2020-03-04 22:10:00,2020-03-04 23:40:00,1.04,0.0547368421052632,0.2,0.84,1.5
2020-03-05 16:50:00,2020-03-06 02:05:00,7.14,0.06375,0.25,2.08,9.25
2020-03-06 05:10:00,2020-03-06 08:55:00,0.75,0.016304347826087,0.05,0.33,3.75
2020-03-06 09:55:00,2020-03-06 18:55:00,1.58,0.0144954128440367,0.1,0.54,9
2020-03-06 19:00:00,2020-03-06 19:10:00,0.08,0.0266666666666667,0.04,0,0.166666666666667
2020-03-08 13:50:00,2020-03-08 17:35:00,1.77,0.0384782608695652,0.14,0.77,3.75
2020-03-08 17:40:00,2020-03-08 21:20:00,0.32,0.00711111111111111,0.09,0.29,3.66666666666667
2020-03-10 01:25:00,2020-03-10 06:40:00,7.15,0.11171875,0.4,2.72,5.25
2020-03-10 10:40:00,2020-03-10 17:20:00,2.71,0.0334567901234568,0.13,0.82,6.66666666666667
2020-03-10 18:25:00,2020-03-10 23:15:00,3.31,0.0561016949152542,0.69,2.18,4.83333333333333
2020-03-11 22:00:00,2020-03-11 23:15:00,1.74,0.10875,0.33,1.48,1.25
2020-03-11 23:20:00,2020-03-12 06:35:00,5.06,0.0575,1.17,4.43,7.25
2020-03-13 05:40:00,2020-03-13 06:00:00,1.76,0.352,1.31,0,0.333333333333333
2020-03-13 11:55:00,2020-03-13 13:15:00,2.56,0.150588235294118,0.55,2,1.33333333333333
2020-03-29 08:45:00,2020-03-29 12:25:00,2.31,0.0513333333333333,0.14,1.13,3.66666666666667
2020-03-30 14:05:00,2020-03-30 17:50:00,1.46,0.0317391304347826,0.42,1.16,3.75
2020-04-28 13:50:00,2020-04-28 19:30:00,1.93,0.0279710144927536,0.36,0.96,5.66666666666667
2020-04-30 00:40:00,2020-04-30 02:10:00,2.19,0.115263157894737,0.45,1.8,1.5
2020-05-01 13:20:00,2020-05-01 15:25:00,1.19,0.0457692307692308,0.36,1.11,2.08333333333333
2020-05-02 05:15:00,2020-05-02 08:35:00,0.92,0.0224390243902439,0.23,0.82,3.33333333333333
2020-05-02 16:30:00,2020-05-02 16:45:00,2.17,0.5425,1.48,0,0.25
2020-05-03 15:10:00,2020-05-03 17:20:00,1.63,0.0603703703703704,0.61,1.41,2.16666666666667
2020-05-04 00:50:00,2020-05-04 02:15:00,0.14,0.00777777777777778,0.04,0.1,1.41666666666667
2020-05-22 14:35:00,2020-05-22 15:05:00,4.83,0.69,2.1,0,0.5
2020-05-23 11:30:00,2020-05-23 11:45:00,1.42,0.355,1.31,0,0.25
2020-05-24 10:25:00,2020-05-24 17:35:00,1.55,0.017816091954023,0.25,0.46,7.16666666666667
2020-06-04 10:40:00,2020-06-04 22:40:00,8.66,0.0597241379310345,1.32,2.71,12
2020-06-05 11:30:00,2020-06-05 17:05:00,8.35,0.122794117647059,1.24,4.09,5.58333333333333
2020-06-07 13:40:00,2020-06-07 15:35:00,0.96,0.04,0.27,0.79,1.91666666666667
2020-06-08 10:35:00,2020-06-08 10:55:00,0.9,0.18,0.43,0,0.333333333333333
2020-06-09 05:30:00,2020-06-09 06:25:00,2.42,0.201666666666667,0.48,2.42,0.916666666666667
2020-06-11 05:50:00,2020-06-11 06:10:00,0.28,0.056,0.1,0,0.333333333333333
2020-06-14 11:35:00,2020-06-14 12:00:00,1.69,0.281666666666667,0.91,0,0.416666666666667
2020-06-14 14:10:00,2020-06-15 00:05:00,20.25,0.16875,1.71,11.04,9.91666666666667
2020-06-17 15:10:00,2020-06-17 16:40:00,12.19,0.641578947368421,2.44,10.73,1.5
2020-06-17 22:55:00,2020-06-18 05:30:00,9.25,0.115625,1.01,6.15,6.58333333333333
2020-06-22 01:40:00,2020-06-22 03:25:00,1.85,0.0840909090909091,0.47,1.46,1.75
2020-06-28 02:45:00,2020-06-28 05:25:00,2.04,0.0618181818181818,1.49,1.49,2.66666666666667
2020-07-01 00:05:00,2020-07-01 14:15:00,18.96,0.110877192982456,1.4,7.29,14.1666666666667
2020-07-06 09:55:00,2020-07-06 13:30:00,2.21,0.0502272727272727,0.74,1.35,3.58333333333333
2020-07-07 12:35:00,2020-07-07 13:15:00,2.26,0.251111111111111,0.6,0,0.666666666666667
2020-07-09 03:55:00,2020-07-09 06:15:00,5.49,0.189310344827586,0.42,3.32,2.33333333333333
2020-07-09 15:20:00,2020-07-09 21:10:00,1.79,0.0252112676056338,0.22,0.96,5.83333333333333
2020-07-10 09:15:00,2020-07-10 09:25:00,0.6,0.2,0.42,0,0.166666666666667
2020-07-11 14:30:00,2020-07-11 14:50:00,0.08,0.016,0.05,0,0.333333333333333
2020-07-14 10:35:00,2020-07-14 15:45:00,1.99,0.0315873015873016,0.2,1.1,5.16666666666667
2020-07-15 02:25:00,2020-07-15 03:50:00,0.51,0.0283333333333333,0.15,0.41,1.41666666666667
2020-07-20 01:15:00,2020-07-20 01:45:00,0.68,0.0971428571428571,0.3,0,0.5
2020-07-24 10:25:00,2020-07-24 14:00:00,2.57,0.0584090909090909,1,2.41,3.58333333333333
2020-07-25 12:50:00,2020-07-25 13:00:00,0.24,0.08,0.13,0,0.166666666666667
2020-07-26 00:20:00,2020-07-26 04:20:00,5.53,0.112857142857143,0.42,2.6,4
2020-07-26 13:35:00,2020-07-26 13:50:00,2.71,0.6775,1.54,0,0.25
2020-08-13 19:45:00,2020-08-13 21:40:00,11.03,0.459583333333333,2,10.07,1.91666666666667
2020-08-15 10:45:00,2020-08-15 13:05:00,5,0.172413793103448,0.42,3.7,2.33333333333333
2020-08-17 01:35:00,2020-08-17 02:00:00,0.42,0.07,0.13,0,0.416666666666667
2020-08-20 22:15:00,2020-08-20 22:25:00,0.59,0.196666666666667,0.36,0,0.166666666666667
2020-08-21 02:30:00,2020-08-21 06:15:00,1.72,0.0373913043478261,0.34,1.44,3.75
2020-08-21 16:05:00,2020-08-21 16:25:00,5.99,1.198,3.49,0,0.333333333333333
2020-08-23 12:30:00,2020-08-23 12:40:00,0.46,0.153333333333333,0.39,0,0.166666666666667
2020-08-24 01:30:00,2020-08-24 01:55:00,1.1,0.183333333333333,0.76,0,0.416666666666667
2020-08-24 07:15:00,2020-08-24 11:20:00,6.44,0.1288,3.68,5.86,4.08333333333333
2020-08-25 13:55:00,2020-08-25 15:05:00,1.04,0.0693333333333333,0.16,0.87,1.16666666666667
2020-08-25 19:20:00,2020-08-25 22:15:00,3.76,0.104444444444444,0.79,3.61,2.91666666666667
2020-08-26 01:30:00,2020-08-26 08:45:00,4.13,0.0469318181818182,0.59,1.56,7.25
2020-08-26 18:20:00,2020-08-26 18:25:00,0.11,0.055,0.11,0,0.0833333333333333
2020-08-27 20:35:00,2020-08-28 00:15:00,1.01,0.0224444444444445,0.24,0.69,3.66666666666667
2020-08-28 19:15:00,2020-08-28 20:25:00,3.05,0.203333333333333,0.94,2.96,1.16666666666667
2020-09-03 08:10:00,2020-09-03 14:15:00,6.1,0.0824324324324325,0.47,2.69,6.08333333333333
2020-09-04 00:10:00,2020-09-04 02:30:00,1.28,0.0441379310344828,0.36,1.22,2.33333333333333
2020-09-05 04:30:00,2020-09-05 08:55:00,1.35,0.025,0.3,1.17,4.41666666666667
2020-09-09 17:30:00,2020-09-09 20:05:00,2.18,0.068125,0.49,1.14,2.58333333333333
2020-09-24 00:30:00,2020-09-24 02:00:00,2.09,0.11,0.77,1.73,1.5
2020-09-25 01:35:00,2020-09-25 02:40:00,1.63,0.116428571428571,0.37,1.56,1.08333333333333
2020-09-26 15:45:00,2020-09-27 00:50:00,20.67,0.187909090909091,0.61,5.39,9.08333333333333
2020-10-01 14:55:00,2020-10-01 16:40:00,3.57,0.162272727272727,0.8,3.09,1.75
2020-10-03 14:45:00,2020-10-03 16:55:00,2.76,0.102222222222222,0.39,2.02,2.16666666666667
2020-10-06 13:45:00,2020-10-06 15:45:00,4.02,0.1608,2.55,3.76,2
2020-10-07 00:45:00,2020-10-07 03:50:00,1.53,0.0402631578947368,0.54,1.2,3.08333333333333
2020-10-07 09:25:00,2020-10-07 11:40:00,0.3,0.0107142857142857,0.21,0.21,2.25
2020-10-08 05:45:00,2020-10-08 09:55:00,3.93,0.0770588235294118,0.19,1.21,4.16666666666667
2020-10-08 13:40:00,2020-10-08 19:40:00,4.98,0.0682191780821918,0.37,2.63,6
2020-10-10 15:10:00,2020-10-10 21:15:00,11.71,0.158243243243243,0.56,3.83,6.08333333333333
2020-10-20 13:45:00,2020-10-20 19:45:00,1.95,0.0267123287671233,0.1,0.73,6
2020-10-21 01:00:00,2020-10-21 09:50:00,8.24,0.0770093457943925,0.62,2.91,8.83333333333333
2020-10-22 15:15:00,2020-10-22 16:00:00,8.47,0.847,3.57,0,0.75
2020-10-25 08:40:00,2020-10-25 14:05:00,4.26,0.0645454545454545,0.34,2.25,5.41666666666667
2020-10-28 07:25:00,2020-10-28 07:35:00,0.72,0.24,0.57,0,0.166666666666667
2020-10-28 17:35:00,2020-10-29 02:40:00,7.48,0.068,0.57,3.37,9.08333333333333
2020-10-29 16:15:00,2020-10-29 21:40:00,3.84,0.0581818181818182,0.24,1.62,5.41666666666667
2020-10-30 01:30:00,2020-10-30 04:30:00,0.53,0.0143243243243243,0.05,0.29,3
2020-10-31 19:35:00,2020-10-31 20:20:00,1.36,0.136,0.47,0,0.75
2020-11-01 21:05:00,2020-11-02 05:15:00,6.52,0.0658585858585859,1.55,5.67,8.16666666666667
2020-11-02 16:15:00,2020-11-02 17:05:00,4.26,0.387272727272727,1.06,0,0.833333333333333
2020-11-11 07:20:00,2020-11-11 08:10:00,0.82,0.0745454545454545,0.21,0,0.833333333333333
2020-11-13 16:40:00,2020-11-13 22:45:00,1.82,0.0245945945945946,0.63,0.86,6.08333333333333
2020-11-15 16:35:00,2020-11-15 19:35:00,4.78,0.129189189189189,1.84,3.29,3
2020-11-17 03:15:00,2020-11-17 06:35:00,3.06,0.0746341463414634,0.26,1.61,3.33333333333333
2020-11-19 01:55:00,2020-11-19 02:25:00,0.51,0.0728571428571429,0.16,0,0.5
2020-11-19 12:00:00,2020-11-19 12:25:00,0.52,0.0866666666666667,0.26,0,0.416666666666667
2020-11-22 13:10:00,2020-11-22 13:40:00,1.23,0.175714285714286,0.4,0,0.5
2020-11-26 05:25:00,2020-11-26 12:25:00,3.09,0.0363529411764706,0.37,1.41,7
2020-11-26 16:30:00,2020-11-26 20:55:00,2.36,0.0437037037037037,0.32,1.86,4.41666666666667
2020-11-30 16:55:00,2020-12-01 02:00:00,7.61,0.0691818181818182,0.38,1.9,9.08333333333333
2020-12-01 07:15:00,2020-12-01 13:30:00,5.33,0.0701315789473684,0.46,2.72,6.25
2020-12-03 23:45:00,2020-12-04 06:20:00,1.59,0.019875,0.09,0.45,6.58333333333333
2020-12-05 02:10:00,2020-12-05 05:55:00,1.87,0.0406521739130435,0.11,0.8,3.75
2020-12-06 18:55:00,2020-12-06 22:15:00,1.89,0.0460975609756098,0.15,1.3,3.33333333333333
2020-12-07 02:50:00,2020-12-07 05:45:00,2.6,0.0722222222222222,0.16,1.31,2.91666666666667
2020-12-07 10:00:00,2020-12-07 14:05:00,2.24,0.0448,0.12,0.67,4.08333333333333
2020-12-14 09:35:00,2020-12-14 11:10:00,0.67,0.0335,0.17,0.63,1.58333333333333
2020-12-15 02:30:00,2020-12-15 05:30:00,2.05,0.0554054054054054,0.13,0.9,3
2020-12-15 08:20:00,2020-12-15 15:40:00,2.23,0.0250561797752809,0.15,0.82,7.33333333333333
2020-12-17 07:30:00,2020-12-17 08:40:00,0.94,0.0626666666666667,0.14,0.85,1.16666666666667
2020-12-20 19:25:00,2020-12-20 20:00:00,0.83,0.10375,0.26,0,0.583333333333333
2020-12-21 12:25:00,2020-12-21 16:35:00,2.07,0.0405882352941177,0.12,1,4.16666666666667
2020-12-21 18:45:00,2020-12-22 06:45:00,8.79,0.0606206896551724,0.65,3.44,12
2020-12-23 04:35:00,2020-12-23 16:20:00,9.78,0.0688732394366197,0.57,3.15,11.75
2020-12-23 17:10:00,2020-12-23 21:10:00,1.1,0.0224489795918367,0.38,0.65,4
2020-12-24 01:50:00,2020-12-24 07:30:00,4.24,0.0614492753623189,0.5,1.94,5.66666666666667
2020-12-25 08:10:00,2020-12-25 08:35:00,0.84,0.14,0.41,0,0.416666666666667
2020-12-27 10:20:00,2020-12-28 05:55:00,10.31,0.0436864406779661,0.33,1.65,19.5833333333333
2020-12-28 18:25:00,2020-12-28 20:05:00,1.34,0.0638095238095238,0.13,1.04,1.66666666666667
2020-12-31 04:55:00,2020-12-31 10:00:00,1.64,0.0264516129032258,0.07,0.57,5.08333333333333
2021-01-03 15:45:00,2021-01-03 19:40:00,0.86,0.0179166666666667,0.05,0.31,3.91666666666667
2021-01-04 02:40:00,2021-01-04 05:45:00,0.48,0.0126315789473684,0.05,0.3,3.08333333333333
2021-01-07 12:20:00,2021-01-07 19:20:00,2.36,0.0277647058823529,0.12,0.75,7
2021-01-08 02:35:00,2021-01-08 05:10:00,0.34,0.010625,0.05,0.31,2.58333333333333
2021-01-09 19:25:00,2021-01-09 20:05:00,0.71,0.0788888888888889,0.23,0,0.666666666666667
2021-01-11 20:45:00,2021-01-12 08:05:00,10.18,0.0743065693430657,0.23,1.83,11.3333333333333
2021-01-12 08:45:00,2021-01-12 12:35:00,0.81,0.0172340425531915,0.36,0.58,3.83333333333333
2021-01-13 14:00:00,2021-01-13 14:30:00,0.56,0.08,0.13,0,0.5
2021-01-16 20:30:00,2021-01-16 22:20:00,0.59,0.0256521739130435,0.05,0.38,1.83333333333333
2021-01-17 13:45:00,2021-01-17 19:10:00,1.66,0.0251515151515152,0.19,0.64,5.41666666666667
2021-01-19 04:45:00,2021-01-19 16:15:00,9.72,0.0699280575539568,0.24,2.25,11.5
2021-01-21 06:10:00,2021-01-21 06:30:00,0.84,0.168,0.6,0,0.333333333333333
2021-01-21 19:45:00,2021-01-22 03:15:00,6.56,0.0720879120879121,1.05,2.45,7.5
2021-01-24 01:55:00,2021-01-24 06:20:00,1.81,0.0335185185185185,0.14,0.74,4.41666666666667
2021-01-25 20:55:00,2021-01-26 03:25:00,2.96,0.0374683544303798,0.19,0.92,6.5
2021-01-27 08:00:00,2021-01-27 09:40:00,1.03,0.049047619047619,0.13,0.65,1.66666666666667
2021-01-27 15:10:00,2021-01-27 16:05:00,0.18,0.015,0.04,0.18,0.916666666666667
2021-01-27 22:30:00,2021-01-28 03:30:00,0.97,0.0159016393442623,0.18,0.67,5
2021-01-28 04:45:00,2021-01-28 13:55:00,4.19,0.0377477477477478,0.12,1,9.16666666666667
2021-01-29 01:55:00,2021-01-29 11:10:00,14.34,0.128035714285714,0.56,3.05,9.25
2021-02-02 09:40:00,2021-02-02 21:30:00,5.06,0.0353846153846154,0.41,1.58,11.8333333333333
2021-02-02 21:45:00,2021-02-03 03:40:00,1.92,0.0266666666666667,0.33,1.62,5.91666666666667
2021-02-03 10:25:00,2021-02-03 23:35:00,14.56,0.0915723270440252,0.5,4.72,13.1666666666667
2021-02-06 22:10:00,2021-02-07 15:25:00,14.34,0.0689423076923077,0.25,2.37,17.25
2021-02-08 03:20:00,2021-02-08 17:40:00,5.1,0.0294797687861272,0.1,0.64,14.3333333333333
2021-02-15 11:00:00,2021-02-15 12:30:00,2.53,0.133157894736842,0.33,2.14,1.5
2021-02-17 02:35:00,2021-02-17 02:50:00,0.17,0.0425,0.1,0,0.25
2021-02-18 16:50:00,2021-02-18 21:35:00,1.91,0.0329310344827586,0.16,0.93,4.75
2021-02-25 19:35:00,2021-02-25 23:00:00,5.4,0.128571428571429,0.42,2.49,3.41666666666667
2021-03-08 18:45:00,2021-03-09 13:25:00,10.39,0.0461777777777778,0.21,1.56,18.6666666666667
2021-03-10 21:50:00,2021-03-10 22:45:00,0.59,0.0491666666666667,0.14,0.59,0.916666666666667
2021-03-11 04:25:00,2021-03-11 06:05:00,1.87,0.0890476190476191,0.35,1.66,1.66666666666667
2021-03-11 12:40:00,2021-03-11 15:55:00,1.34,0.0335,0.44,1.13,3.25
2021-03-12 00:30:00,2021-03-12 00:45:00,0.57,0.1425,0.26,0,0.25
2021-03-12 12:15:00,2021-03-12 19:20:00,1.42,0.0165116279069767,0.37,0.63,7.08333333333333
2021-03-13 03:30:00,2021-03-13 08:05:00,4.78,0.0853571428571429,0.31,1.58,4.58333333333333
2021-03-13 12:10:00,2021-03-13 18:05:00,2.28,0.0316666666666667,0.49,0.87,5.91666666666667
2021-03-14 03:50:00,2021-03-14 07:30:00,1.26,0.028,0.21,1.08,3.66666666666667
2021-03-14 08:45:00,2021-03-14 15:45:00,2.47,0.0290588235294118,0.49,0.91,7
2021-03-14 20:50:00,2021-03-15 02:35:00,3.71,0.053,0.24,1.41,5.75
2021-03-15 10:50:00,2021-03-15 11:45:00,1.59,0.1325,0.69,1.59,0.916666666666667
2021-03-16 23:45:00,2021-03-17 01:20:00,0.35,0.0175,0.1,0.29,1.58333333333333
2021-03-17 07:55:00,2021-03-17 08:00:00,0.04,0.02,0.04,0,0.0833333333333333
2021-03-17 09:40:00,2021-03-17 09:45:00,0.04,0.02,0.04,0,0.0833333333333333
2021-03-21 00:10:00,2021-03-21 00:15:00,0.03,0.015,0.03,0,0.0833333333333333
2021-03-21 00:20:00,2021-03-21 00:35:00,0.08,0.02,0.04,0,0.25
2021-03-21 00:50:00,2021-03-21 00:55:00,0.03,0.015,0.03,0,0.0833333333333333
2021-03-27 00:55:00,2021-03-27 02:50:00,1.26,0.0525,0.17,0.79,1.91666666666667
2021-03-27 03:50:00,2021-03-27 11:10:00,1.85,0.0207865168539326,0.57,1.1,7.33333333333333
2021-04-06 10:15:00,2021-04-06 16:00:00,1.5,0.0214285714285714,0.43,0.6,5.75
2021-04-06 19:05:00,2021-04-06 21:45:00,1.29,0.0390909090909091,0.14,0.93,2.66666666666667
2021-04-07 08:25:00,2021-04-07 13:20:00,1.42,0.0236666666666667,0.24,0.8,4.91666666666667
2021-04-10 09:35:00,2021-04-10 10:05:00,0.12,0.0171428571428571,0.04,0,0.5
2021-04-10 10:40:00,2021-04-11 08:25:00,13.33,0.0508778625954198,0.41,2.47,21.75
2021-04-12 13:35:00,2021-04-12 17:25:00,0.99,0.021063829787234,0.33,0.77,3.83333333333333
2021-04-13 14:20:00,2021-04-13 14:30:00,0.23,0.0766666666666667,0.16,0,0.166666666666667
2021-04-18 23:40:00,2021-04-19 01:10:00,2.1,0.110526315789474,0.35,2,1.5
2021-04-29 15:05:00,2021-04-29 15:35:00,1.21,0.172857142857143,0.5,0,0.5
2021-05-04 03:05:00,2021-05-04 12:40:00,5.65,0.0487068965517241,0.35,2.21,9.58333333333333
2021-05-05 09:15:00,2021-05-05 10:40:00,1.19,0.0661111111111111,0.83,1.07,1.41666666666667
2021-05-06 02:15:00,2021-05-06 05:10:00,4.57,0.126944444444444,0.3,2.9,2.91666666666667
2021-05-06 18:45:00,2021-05-06 23:15:00,2.19,0.0398181818181818,0.29,1.82,4.5
2021-05-10 22:10:00,2021-05-11 04:45:00,3.41,0.042625,0.3,1.11,6.58333333333333
2021-05-11 07:35:00,2021-05-11 08:00:00,0.46,0.0766666666666667,0.16,0,0.416666666666667
2021-05-11 11:35:00,2021-05-11 13:10:00,0.63,0.0315,0.14,0.34,1.58333333333333
2021-05-14 07:35:00,2021-05-14 09:50:00,1.27,0.0453571428571429,0.13,0.87,2.25
2021-05-15 08:35:00,2021-05-15 17:50:00,5.87,0.0524107142857143,1.29,2.23,9.25
2021-05-15 17:55:00,2021-05-15 22:15:00,1.06,0.02,0.67,1.03,4.33333333333333
2021-05-16 02:20:00,2021-05-16 03:00:00,0.91,0.101111111111111,0.21,0,0.666666666666667
2021-05-17 03:10:00,2021-05-17 08:15:00,3.81,0.0614516129032258,0.42,1.98,5.08333333333333
2021-05-17 17:45:00,2021-05-17 18:10:00,0.75,0.125,0.25,0,0.416666666666667
2021-05-18 10:25:00,2021-05-18 14:20:00,2.26,0.0470833333333333,0.92,1.99,3.91666666666667
2021-05-18 16:35:00,2021-05-18 20:20:00,1.21,0.026304347826087,0.77,0.77,3.75
2021-05-19 12:40:00,2021-05-19 15:05:00,0.74,0.0246666666666667,0.22,0.57,2.41666666666667
2021-05-21 08:30:00,2021-05-21 09:00:00,2.9,0.414285714285714,1.21,0,0.5
2021-05-22 07:30:00,2021-05-22 15:25:00,6.15,0.0640625,0.95,2.98,7.91666666666667
2021-05-22 22:00:00,2021-05-22 23:55:00,2.99,0.124583333333333,0.28,1.77,1.91666666666667
2021-05-23 00:00:00,2021-05-23 00:15:00,0.37,0.0925,0.25,0,0.25
2021-05-23 04:30:00,2021-05-23 09:05:00,2.92,0.0521428571428571,0.55,2.8,4.58333333333333
2021-05-24 13:15:00,2021-05-24 17:15:00,1.3,0.026530612244898,0.41,0.81,4
2021-05-25 09:00:00,2021-05-25 19:45:00,13.45,0.103461538461538,1.27,4.75,10.75
2021-05-25 20:55:00,2021-05-26 00:45:00,1.51,0.0321276595744681,0.42,1.45,3.83333333333333
2021-05-26 05:50:00,2021-05-26 06:25:00,1.24,0.155,0.51,0,0.583333333333333
2021-05-26 19:20:00,2021-05-27 15:35:00,7.89,0.0323360655737705,0.66,1.93,20.25
2021-06-03 17:00:00,2021-06-03 21:30:00,18.04,0.328,3.57,10.1,4.5
2021-06-19 23:35:00,2021-06-20 03:35:00,8.92,0.182040816326531,1.02,5.58,4
2021-06-21 01:35:00,2021-06-21 13:45:00,18.99,0.129183673469388,1.8,6.91,12.1666666666667
2021-06-22 19:45:00,2021-06-22 21:25:00,1.11,0.0528571428571429,0.18,1.04,1.66666666666667
2021-06-27 20:45:00,2021-06-27 21:20:00,0.31,0.03875,0.09,0,0.583333333333333
2021-06-30 00:20:00,2021-06-30 01:30:00,3.1,0.206666666666667,0.48,3.01,1.16666666666667
2021-07-01 05:30:00,2021-07-01 08:50:00,0.7,0.0170731707317073,0.14,0.59,3.33333333333333
2021-07-03 23:40:00,2021-07-04 07:15:00,3.12,0.0339130434782609,0.5,1.51,7.58333333333333
2021-07-04 09:20:00,2021-07-04 16:15:00,7.48,0.089047619047619,2.1,4.99,6.91666666666667
2021-07-05 06:50:00,2021-07-05 07:40:00,3.59,0.326363636363636,0.78,0,0.833333333333333
2021-07-08 17:40:00,2021-07-08 18:15:00,3.29,0.41125,1.32,0,0.583333333333333
2021-07-11 02:25:00,2021-07-11 04:45:00,9.07,0.312758620689655,2.27,8.18,2.33333333333333
2021-07-13 06:35:00,2021-07-13 09:10:00,2.02,0.063125,0.25,1.24,2.58333333333333
2021-07-14 01:35:00,2021-07-14 02:05:00,0.24,0.0342857142857143,0.05,0,0.5
2021-07-14 10:20:00,2021-07-14 17:25:00,23.4,0.272093023255814,7.18,18.06,7.08333333333333
2021-07-16 12:50:00,2021-07-16 13:05:00,3.69,0.9225,2.76,0,0.25
2021-07-24 15:50:00,2021-07-24 18:25:00,7.67,0.2396875,1.42,6.18,2.58333333333333
2021-07-26 17:05:00,2021-07-26 21:15:00,5.19,0.101764705882353,2.61,5.16,4.16666666666667
2021-07-27 16:50:00,2021-07-27 18:25:00,19.15,0.9575,5.15,18.37,1.58333333333333
2021-07-30 17:20:00,2021-07-30 19:25:00,1.98,0.0761538461538462,0.82,1.9,2.08333333333333
2021-07-31 12:00:00,2021-07-31 12:10:00,0.25,0.0833333333333333,0.22,0,0.166666666666667
2021-07-31 14:45:00,2021-07-31 18:25:00,2.1,0.0466666666666667,1.66,1.79,3.66666666666667
2021-08-01 17:05:00,2021-08-01 17:30:00,4.65,0.775,3.86,0,0.416666666666667
2021-08-02 20:20:00,2021-08-02 21:20:00,1.12,0.0861538461538462,0.41,1.12,1
2021-08-04 16:35:00,2021-08-04 16:50:00,0.82,0.205,0.48,0,0.25
2021-08-06 14:45:00,2021-08-06 15:00:00,0.37,0.0925,0.22,0,0.25
2021-08-07 13:00:00,2021-08-07 13:15:00,4.94,1.235,3.92,0,0.25
2021-08-07 19:15:00,2021-08-07 19:40:00,3.36,0.56,1.11,0,0.416666666666667
2021-08-08 01:50:00,2021-08-08 03:45:00,1.48,0.0616666666666667,0.25,1.05,1.91666666666667
2021-08-08 17:00:00,2021-08-08 17:10:00,1.26,0.42,0.97,0,0.166666666666667
2021-08-15 20:10:00,2021-08-15 20:15:00,1.55,0.775,1.55,0,0.0833333333333333
2021-08-16 08:40:00,2021-08-16 09:45:00,2.6,0.185714285714286,1.68,2.56,1.08333333333333
2021-08-16 21:45:00,2021-08-16 21:55:00,0.23,0.0766666666666667,0.15,0,0.166666666666667
2021-08-17 11:45:00,2021-08-17 13:45:00,3.34,0.1336,1.09,1.8,2
2021-08-19 10:55:00,2021-08-19 11:15:00,0.46,0.092,0.23,0,0.333333333333333
2021-08-20 08:40:00,2021-08-20 09:45:00,1.04,0.0742857142857143,0.29,0.96,1.08333333333333
2021-08-22 01:25:00,2021-08-22 02:15:00,1.95,0.177272727272727,0.71,0,0.833333333333333
2021-08-22 17:55:00,2021-08-22 18:15:00,5.36,1.072,2.27,0,0.333333333333333
2021-08-25 20:35:00,2021-08-25 21:35:00,0.52,0.04,0.1,0.52,1
2021-08-26 12:10:00,2021-08-26 13:40:00,8.77,0.461578947368421,6.55,7.59,1.5
2021-08-27 10:35:00,2021-08-27 13:30:00,2.18,0.0605555555555556,0.83,1.37,2.91666666666667
2021-08-28 02:25:00,2021-08-28 03:30:00,1.04,0.0742857142857143,0.19,1,1.08333333333333
2021-08-28 12:25:00,2021-08-28 16:15:00,3,0.0638297872340425,0.77,1.19,3.83333333333333
2021-08-29 02:50:00,2021-08-29 07:25:00,2.69,0.0480357142857143,0.21,1.18,4.58333333333333
2021-08-29 15:30:00,2021-08-29 16:45:00,0.97,0.060625,0.18,0.91,1.25
2021-09-15 04:30:00,2021-09-15 11:40:00,25.51,0.293218390804598,3.63,11.75,7.16666666666667
2021-09-16 06:20:00,2021-09-16 06:30:00,0.53,0.176666666666667,0.36,0,0.166666666666667
2021-09-23 17:45:00,2021-09-23 20:10:00,0.89,0.0296666666666667,0.22,0.64,2.41666666666667
2021-09-27 15:55:00,2021-09-27 19:20:00,5.5,0.130952380952381,1.86,4.24,3.41666666666667
2021-09-29 08:25:00,2021-09-29 20:30:00,3.31,0.0226712328767123,0.4,0.89,12.0833333333333
2021-10-01 18:00:00,2021-10-02 01:25:00,1.38,0.0153333333333333,0.1,0.6,7.41666666666667
2021-10-02 20:50:00,2021-10-02 21:15:00,0.32,0.0533333333333333,0.09,0,0.416666666666667
2021-10-03 00:50:00,2021-10-03 01:05:00,0.22,0.055,0.12,0,0.25
2021-10-03 16:00:00,2021-10-03 16:25:00,2.58,0.43,1.1,0,0.416666666666667
2021-10-05 16:05:00,2021-10-05 17:20:00,0.94,0.05875,0.12,0.76,1.25
2021-10-06 11:05:00,2021-10-06 17:50:00,6.82,0.0831707317073171,0.59,3.53,6.75
2021-10-12 05:50:00,2021-10-12 09:45:00,2.27,0.0472916666666667,0.47,1.28,3.91666666666667
2021-10-14 06:00:00,2021-10-14 06:30:00,0.39,0.0557142857142857,0.18,0,0.5
2021-10-15 07:45:00,2021-10-15 09:35:00,1.5,0.0652173913043478,0.2,0.9,1.83333333333333
2021-10-20 19:30:00,2021-10-20 19:45:00,1.61,0.4025,0.73,0,0.25
2021-10-20 22:05:00,2021-10-21 14:20:00,9.56,0.0487755102040816,2.37,3.44,16.25
2021-10-22 12:25:00,2021-10-22 13:30:00,4.62,0.33,1.79,4.57,1.08333333333333
2021-10-30 06:15:00,2021-10-30 08:25:00,1.63,0.0603703703703704,0.17,1.24,2.16666666666667
2021-10-31 18:50:00,2021-10-31 21:15:00,4.43,0.147666666666667,1.45,4.27,2.41666666666667
2021-11-07 00:55:00,2021-11-07 05:05:00,1.47,0.0288235294117647,0.45,1.03,4.16666666666667
2021-11-07 11:40:00,2021-11-07 14:20:00,4.1,0.124242424242424,0.97,2.56,2.66666666666667
2021-11-13 03:15:00,2021-11-13 06:00:00,1.16,0.0341176470588235,0.18,0.72,2.75
2021-11-21 05:35:00,2021-11-21 06:50:00,1.14,0.07125,0.22,1.06,1.25
2021-11-23 03:40:00,2021-11-23 04:55:00,1.13,0.070625,0.22,1.04,1.25
2021-11-23 16:20:00,2021-11-23 16:25:00,0.03,0.015,0.02,0,0.0833333333333333
2021-11-25 12:00:00,2021-11-25 12:35:00,0.25,0.03125,0.05,0,0.583333333333333
2021-11-30 02:50:00,2021-11-30 15:30:00,4.03,0.0263398692810458,0.19,0.84,12.6666666666667
2021-11-30 21:00:00,2021-12-01 00:45:00,2.67,0.0580434782608696,0.37,1.66,3.75
2021-12-01 07:05:00,2021-12-01 11:20:00,0.98,0.0188461538461538,0.19,0.68,4.25
2021-12-01 12:30:00,2021-12-01 15:55:00,1.12,0.0266666666666667,0.22,0.87,3.41666666666667
2021-12-04 14:55:00,2021-12-04 19:35:00,5.56,0.0975438596491228,0.27,2.22,4.66666666666667
2021-12-07 00:35:00,2021-12-07 04:15:00,1.58,0.0351111111111111,0.14,0.74,3.66666666666667
2021-12-07 23:50:00,2021-12-08 01:40:00,1.6,0.0695652173913043,0.22,1.26,1.83333333333333
2021-12-09 18:30:00,2021-12-09 20:00:00,0.98,0.0515789473684211,0.3,0.93,1.5
2021-12-12 03:50:00,2021-12-12 13:05:00,4.76,0.0425,0.26,1.41,9.25
2021-12-23 09:45:00,2021-12-23 11:35:00,1.34,0.0582608695652174,0.12,0.76,1.83333333333333
2021-12-23 19:30:00,2021-12-23 23:00:00,4.19,0.0974418604651163,0.3,2.14,3.5
2021-12-24 10:55:00,2021-12-24 16:05:00,4.05,0.0642857142857143,0.76,2.77,5.16666666666667
2021-12-27 22:50:00,2021-12-28 01:05:00,1.18,0.0421428571428571,0.2,0.64,2.25
2021-12-28 11:40:00,2021-12-28 14:35:00,3.78,0.105,0.58,2.87,2.91666666666667
2021-12-28 23:05:00,2021-12-29 00:10:00,0.28,0.02,0.04,0.26,1.08333333333333
2021-12-29 15:30:00,2021-12-29 18:45:00,3.66,0.0915,0.24,1.41,3.25
2021-12-30 05:30:00,2021-12-30 08:30:00,0.84,0.0227027027027027,0.16,0.53,3
2021-12-30 19:10:00,2021-12-30 19:45:00,0.13,0.01625,0.03,0,0.583333333333333
2022-01-02 01:45:00,2022-01-02 07:40:00,2.16,0.03,0.14,0.57,5.91666666666667
2022-01-02 20:25:00,2022-01-02 21:35:00,1.01,0.0673333333333333,0.28,0.97,1.16666666666667
2022-01-05 08:25:00,2022-01-05 11:30:00,4,0.105263157894737,0.37,2.33,3.08333333333333
2022-01-07 16:40:00,2022-01-07 18:00:00,1.41,0.0829411764705882,0.4,1.11,1.33333333333333
2022-01-07 18:50:00,2022-01-07 22:45:00,0.76,0.0158333333333333,0.21,0.44,3.91666666666667
2022-01-08 22:20:00,2022-01-09 05:30:00,10.34,0.118850574712644,0.32,2.66,7.16666666666667
2022-01-19 16:15:00,2022-01-19 16:35:00,0.09,0.018,0.05,0,0.333333333333333
2022-01-20 01:25:00,2022-01-20 04:45:00,1.03,0.0251219512195122,0.26,0.91,3.33333333333333
2022-01-21 12:50:00,2022-01-21 15:05:00,1.24,0.0442857142857143,0.17,0.75,2.25
2022-01-21 20:20:00,2022-01-22 00:40:00,0.62,0.0116981132075472,0.05,0.32,4.33333333333333
2022-01-22 06:35:00,2022-01-22 07:10:00,0.14,0.0175,0.06,0,0.583333333333333
2022-01-22 07:25:00,2022-01-22 08:20:00,0.07,0.00583333333333333,0.02,0.07,0.916666666666667
2022-01-22 10:30:00,2022-01-22 14:40:00,0.62,0.012156862745098,0.07,0.32,4.16666666666667
2022-01-27 12:10:00,2022-01-27 15:40:00,1.18,0.0274418604651163,0.35,0.74,3.5
2022-01-31 02:25:00,2022-01-31 09:50:00,7.86,0.0873333333333333,0.3,2.68,7.41666666666667
2022-01-31 14:45:00,2022-01-31 17:05:00,1.66,0.0572413793103448,0.5,1.57,2.33333333333333
2022-01-31 21:25:00,2022-01-31 22:05:00,0.75,0.0833333333333333,0.22,0,0.666666666666667
2022-02-01 12:15:00,2022-02-01 15:25:00,1.62,0.0415384615384615,0.2,1.12,3.16666666666667
2022-02-01 20:30:00,2022-02-01 21:15:00,1.78,0.178,1.21,0,0.75
2022-02-01 21:55:00,2022-02-01 23:55:00,0.22,0.0088,0.15,0.16,2
2022-02-03 16:50:00,2022-02-03 17:30:00,0.22,0.0244444444444444,0.08,0,0.666666666666667
2022-02-04 10:05:00,2022-02-04 17:20:00,5.4,0.0613636363636364,1.26,2.52,7.25
2022-02-05 20:55:00,2022-02-06 22:45:00,19.94,0.0641157556270096,0.65,3.19,25.8333333333333
2022-02-09 06:20:00,2022-02-09 08:10:00,0.82,0.0356521739130435,0.1,0.49,1.83333333333333
2022-02-10 08:35:00,2022-02-10 10:10:00,1.21,0.0605,0.14,0.93,1.58333333333333
2022-02-10 16:10:00,2022-02-10 16:35:00,1.65,0.275,0.62,0,0.416666666666667
2022-02-11 04:00:00,2022-02-11 04:30:00,0.29,0.0414285714285714,0.2,0,0.5
2022-02-15 19:05:00,2022-02-16 08:45:00,7.29,0.0441818181818182,0.35,1.41,13.6666666666667
2022-02-16 13:30:00,2022-02-16 23:05:00,8.52,0.073448275862069,0.7,3.55,9.58333333333333
2022-02-17 00:55:00,2022-02-17 05:15:00,2.08,0.0392452830188679,0.78,1.99,4.33333333333333
2022-02-17 14:10:00,2022-02-17 15:40:00,1.43,0.0752631578947368,0.7,1.07,1.5
2022-02-17 21:15:00,2022-02-17 22:45:00,1.47,0.0773684210526316,0.53,1.44,1.5
2022-02-18 07:45:00,2022-02-18 19:30:00,5.85,0.0411971830985915,1.94,3.27,11.75
2022-02-19 17:15:00,2022-02-19 22:50:00,5.12,0.0752941176470588,0.32,2.1,5.58333333333333
2022-02-20 06:55:00,2022-02-20 23:45:00,13.41,0.0660591133004926,0.65,2.31,16.8333333333333
2022-02-21 10:15:00,2022-02-21 14:20:00,2.4,0.048,0.32,0.88,4.08333333333333
2022-02-21 15:25:00,2022-02-21 19:40:00,2.37,0.0455769230769231,0.94,2.18,4.25
2022-02-22 12:25:00,2022-02-22 18:55:00,5.28,0.0668354430379747,0.69,3.58,6.5
2022-02-24 15:35:00,2022-02-24 16:25:00,1.2,0.109090909090909,0.24,0,0.833333333333333
2022-02-25 13:15:00,2022-02-25 13:45:00,1.27,0.181428571428571,0.8,0,0.5
2022-03-14 03:15:00,2022-03-14 09:40:00,10.37,0.132948717948718,0.37,3.59,6.41666666666667
2022-03-17 06:05:00,2022-03-17 06:40:00,0.37,0.04625,0.09,0,0.583333333333333
2022-03-31 04:45:00,2022-03-31 07:55:00,2.32,0.0594871794871795,0.17,1.42,3.16666666666667
2022-03-31 20:40:00,2022-04-01 01:50:00,1.17,0.0185714285714286,0.05,0.37,5.16666666666667
2022-04-03 14:50:00,2022-04-03 15:05:00,0.49,0.1225,0.28,0,0.25
2022-04-04 09:00:00,2022-04-05 01:40:00,14.02,0.0697512437810945,0.26,2.16,16.6666666666667
2022-04-05 05:45:00,2022-04-05 10:10:00,1.92,0.0355555555555556,0.13,0.82,4.41666666666667
2022-04-05 11:50:00,2022-04-05 12:00:00,0.12,0.04,0.08,0,0.166666666666667
2022-04-05 13:45:00,2022-04-05 17:40:00,1.51,0.0314583333333333,0.31,0.68,3.91666666666667
2022-04-06 16:45:00,2022-04-06 20:20:00,1.03,0.0234090909090909,0.08,0.37,3.58333333333333
2022-04-07 03:00:00,2022-04-07 09:50:00,12.05,0.145180722891566,2.12,7.44,6.83333333333333
2022-04-07 16:20:00,2022-04-07 18:40:00,4.74,0.163448275862069,0.48,2.85,2.33333333333333
2022-04-08 00:20:00,2022-04-08 01:30:00,1.16,0.0773333333333333,0.2,1.1,1.16666666666667
2022-04-09 10:50:00,2022-04-09 17:00:00,4.82,0.0642666666666667,1.11,2.35,6.16666666666667
2022-04-10 11:35:00,2022-04-10 11:40:00,0.03,0.015,0.03,0,0.0833333333333333
2022-04-13 18:10:00,2022-04-14 00:15:00,1.7,0.022972972972973,0.18,0.67,6.08333333333333
2022-04-24 23:45:00,2022-04-25 03:35:00,1.13,0.0240425531914894,0.17,1.04,3.83333333333333
2022-04-25 14:30:00,2022-04-25 15:45:00,0.74,0.04625,0.1,0.66,1.25
2022-05-07 17:00:00,2022-05-07 18:45:00,2.6,0.118181818181818,0.39,2.2,1.75
2022-05-11 22:05:00,2022-05-11 22:35:00,1.33,0.19,0.76,0,0.5
2022-05-19 13:50:00,2022-05-19 14:55:00,10.82,0.772857142857143,4.52,10.79,1.08333333333333
2022-05-20 14:05:00,2022-05-20 14:50:00,3.16,0.316,0.7,0,0.75
2022-05-20 21:40:00,2022-05-20 22:00:00,0.67,0.134,0.36,0,0.333333333333333
2022-05-23 17:25:00,2022-05-23 20:55:00,6.51,0.151395348837209,0.87,4.35,3.5
2022-05-24 07:05:00,2022-05-24 08:20:00,0.85,0.053125,0.14,0.71,1.25
2022-05-24 15:30:00,2022-05-24 15:50:00,0.53,0.106,0.38,0,0.333333333333333
2022-05-26 23:40:00,2022-05-27 02:10:00,4.62,0.149032258064516,1.44,4.12,2.5
2022-06-01 09:45:00,2022-06-01 17:05:00,7.1,0.0797752808988764,1.18,3.57,7.33333333333333
2022-06-05 18:45:00,2022-06-05 22:40:00,2.1,0.04375,0.9,1.33,3.91666666666667
2022-06-08 13:30:00,2022-06-08 20:10:00,4.28,0.0528395061728395,0.5,1.55,6.66666666666667
2022-06-13 02:45:00,2022-06-13 03:15:00,0.59,0.0842857142857143,0.33,0,0.5
2022-06-24 04:20:00,2022-06-24 07:55:00,2.69,0.0611363636363636,0.38,1.5,3.58333333333333
2022-06-27 02:35:00,2022-06-27 02:50:00,0.57,0.1425,0.27,0,0.25
2022-06-27 16:55:00,2022-06-27 17:20:00,2.05,0.341666666666667,0.91,0,0.416666666666667
2022-06-30 19:10:00,2022-06-30 20:20:00,6.61,0.440666666666667,3.23,6.55,1.16666666666667
2022-07-07 00:45:00,2022-07-07 06:20:00,2.28,0.0335294117647059,0.33,0.82,5.58333333333333
2022-07-07 10:50:00,2022-07-07 12:50:00,1.05,0.042,0.47,0.97,2
2022-07-10 10:30:00,2022-07-10 13:25:00,0.88,0.0244444444444444,0.18,0.67,2.91666666666667
2022-07-20 20:50:00,2022-07-21 04:50:00,21.71,0.223814432989691,2.81,9.95,8
2022-07-23 00:20:00,2022-07-23 01:15:00,2.32,0.193333333333333,0.41,2.32,0.916666666666667
2022-07-26 07:45:00,2022-07-26 08:30:00,5.67,0.567,1.69,0,0.75
2022-07-31 16:40:00,2022-07-31 17:55:00,3.59,0.224375,1.44,2.83,1.25
2022-07-31 18:55:00,2022-07-31 23:05:00,0.66,0.0129411764705882,0.27,0.6,4.16666666666667
2022-08-01 03:05:00,2022-08-01 03:20:00,0.71,0.1775,0.39,0,0.25
2022-08-01 03:50:00,2022-08-01 07:50:00,0.63,0.0128571428571429,0.23,0.39,4
2022-08-04 23:50:00,2022-08-05 00:15:00,1.7,0.283333333333333,0.94,0,0.416666666666667
2022-08-05 04:20:00,2022-08-05 08:20:00,3.34,0.0681632653061225,0.67,1.68,4
2022-08-17 12:50:00,2022-08-17 13:15:00,0.92,0.153333333333333,0.3,0,0.416666666666667
2022-08-20 00:25:00,2022-08-20 03:50:00,11.09,0.264047619047619,1.83,9.67,3.41666666666667
2022-09-07 00:55:00,2022-09-07 02:05:00,0.74,0.0493333333333333,0.14,0.67,1.16666666666667
2022-09-08 05:10:00,2022-09-08 11:20:00,12.43,0.165733333333333,2.51,4.67,6.16666666666667
2022-09-08 22:15:00,2022-09-08 22:25:00,0.41,0.136666666666667,0.33,0,0.166666666666667
2022-09-09 11:25:00,2022-09-09 21:55:00,5.84,0.0459842519685039,0.54,2.59,10.5
2022-09-10 07:15:00,2022-09-10 07:50:00,0.97,0.12125,0.22,0,0.583333333333333
2022-09-16 11:30:00,2022-09-16 11:45:00,2.09,0.5225,1.86,0,0.25
2022-09-16 19:10:00,2022-09-16 22:30:00,7.6,0.185365853658537,0.75,3.83,3.33333333333333
2022-09-17 11:50:00,2022-09-17 13:35:00,2.87,0.130454545454545,0.99,2.79,1.75
2022-09-18 03:20:00,2022-09-18 03:50:00,0.38,0.0542857142857143,0.11,0,0.5
2022-09-18 06:25:00,2022-09-18 12:20:00,4.63,0.0643055555555556,0.33,1.87,5.91666666666667
2022-09-18 18:35:00,2022-09-19 00:30:00,4.1,0.0569444444444445,0.39,1.62,5.91666666666667
2022-09-19 12:00:00,2022-09-19 14:30:00,3.04,0.0980645161290323,1.01,1.18,2.5
2022-09-20 14:15:00,2022-09-20 14:30:00,0.49,0.1225,0.25,0,0.25
2022-09-23 23:15:00,2022-09-24 04:10:00,1.5,0.025,0.13,0.86,4.91666666666667
2022-09-26 08:50:00,2022-09-27 00:50:00,8.05,0.0417098445595855,0.37,2.84,16
2022-09-27 08:15:00,2022-09-27 13:15:00,1.82,0.0298360655737705,0.43,1.51,5
2022-09-27 21:25:00,2022-09-27 22:40:00,1.16,0.0725,0.18,1.01,1.25
2022-09-28 04:40:00,2022-09-28 05:50:00,1.36,0.0906666666666667,0.26,1.25,1.16666666666667
2022-10-01 01:15:00,2022-10-01 05:40:00,10.98,0.203333333333333,0.86,4.99,4.41666666666667
2022-10-01 11:10:00,2022-10-01 13:35:00,6.51,0.217,2.5,6.3,2.41666666666667
2022-10-01 17:55:00,2022-10-01 18:00:00,0.19,0.095,0.18,0,0.0833333333333333
2022-10-05 22:25:00,2022-10-05 22:40:00,0.55,0.1375,0.3,0,0.25
2022-10-08 03:40:00,2022-10-08 04:25:00,0.79,0.079,0.25,0,0.75
2022-10-13 14:25:00,2022-10-13 17:05:00,1.69,0.0512121212121212,0.18,0.88,2.66666666666667
2022-10-14 13:50:00,2022-10-14 19:10:00,2.89,0.0444615384615385,0.3,1.19,5.33333333333333
2022-10-16 20:15:00,2022-10-16 21:00:00,0.87,0.087,0.3,0,0.75
2022-10-18 03:25:00,2022-10-18 03:45:00,0.52,0.104,0.39,0,0.333333333333333
2022-10-20 12:45:00,2022-10-20 14:40:00,1.43,0.0595833333333333,0.3,0.99,1.91666666666667
2022-10-23 17:25:00,2022-10-23 18:30:00,2.01,0.143571428571429,0.43,1.98,1.08333333333333
2022-10-24 20:40:00,2022-10-25 00:35:00,1.84,0.0383333333333333,0.65,1.68,3.91666666666667
2022-11-03 16:25:00,2022-11-03 18:40:00,0.94,0.0335714285714286,0.14,0.53,2.25
2022-11-03 20:55:00,2022-11-04 00:35:00,1.13,0.0251111111111111,0.83,1.09,3.66666666666667
2022-11-15 23:00:00,2022-11-16 07:35:00,8.22,0.0790384615384615,0.49,2.79,8.58333333333333
2022-11-17 01:55:00,2022-11-17 10:00:00,8.39,0.0856122448979592,0.39,2.73,8.08333333333333
2022-11-18 03:55:00,2022-11-18 09:55:00,5.04,0.069041095890411,0.45,2.26,6
2022-11-20 18:15:00,2022-11-20 21:05:00,1.4,0.04,0.08,0.7,2.83333333333333
2022-11-23 00:25:00,2022-11-23 01:20:00,0.09,0.0075,0.04,0.09,0.916666666666667
2022-11-24 08:00:00,2022-11-24 09:50:00,3.13,0.136086956521739,0.41,2.6,1.83333333333333
2022-11-25 04:15:00,2022-11-25 04:40:00,0.35,0.0583333333333333,0.09,0,0.416666666666667
2022-11-27 14:20:00,2022-11-27 20:55:00,2.55,0.031875,0.19,0.91,6.58333333333333
2022-11-28 02:35:00,2022-11-28 06:05:00,2.66,0.0618604651162791,0.31,2.08,3.5
2022-11-28 13:10:00,2022-11-28 15:25:00,1.13,0.0403571428571429,0.16,0.83,2.25
2022-11-29 15:15:00,2022-11-29 16:00:00,0.72,0.072,0.24,0,0.75
2022-11-30 16:15:00,2022-11-30 17:20:00,0.65,0.0464285714285714,0.12,0.63,1.08333333333333
2022-12-05 09:10:00,2022-12-05 18:15:00,7.25,0.0659090909090909,0.21,1.18,9.08333333333333
2022-12-08 03:20:00,2022-12-08 06:35:00,1.16,0.029,0.14,0.59,3.25
2022-12-18 22:20:00,2022-12-18 22:50:00,0.13,0.0185714285714286,0.03,0,0.5
2022-12-18 23:25:00,2022-12-19 00:30:00,0.36,0.0257142857142857,0.05,0.34,1.08333333333333
2022-12-19 03:10:00,2022-12-19 07:20:00,0.93,0.0182352941176471,0.14,0.43,4.16666666666667
2022-12-20 12:50:00,2022-12-20 23:40:00,6.01,0.0458778625954198,0.3,1.12,10.8333333333333
2022-12-21 06:30:00,2022-12-21 09:40:00,1.59,0.0407692307692308,0.36,0.8,3.16666666666667
2022-12-21 19:00:00,2022-12-21 20:35:00,1.82,0.091,0.35,1.6,1.58333333333333
2022-12-22 17:15:00,2022-12-23 03:20:00,5.46,0.0447540983606557,0.28,1.55,10.0833333333333
2022-12-23 12:55:00,2022-12-23 20:50:00,9.93999999999999,0.103541666666667,0.47,3.55,7.91666666666667
2022-12-24 06:30:00,2022-12-24 09:10:00,2.53,0.0766666666666667,0.41,1.24,2.66666666666667
2022-12-25 10:45:00,2022-12-25 22:50:00,6.96,0.0476712328767123,0.39,2.62,12.0833333333333
2022-12-26 12:05:00,2022-12-26 12:30:00,2.05,0.341666666666667,0.74,0,0.416666666666667
2022-12-28 10:55:00,2022-12-28 14:15:00,0.84,0.0204878048780488,0.11,0.65,3.33333333333333
2022-12-28 18:00:00,2022-12-28 19:45:00,1.14,0.0518181818181818,0.17,0.72,1.75
2022-12-29 01:30:00,2022-12-29 06:10:00,1.49,0.026140350877193,0.25,1.23,4.66666666666667
2022-12-29 15:40:00,2022-12-29 16:15:00,1.64,0.205,0.48,0,0.583333333333333
2022-12-30 14:50:00,2022-12-30 15:40:00,0.63,0.0572727272727273,0.11,0,0.833333333333333
2022-12-30 23:45:00,2022-12-31 14:00:00,34.03,0.197848837209302,1.11,8.13,14.25
2023-01-01 08:10:00,2023-01-01 08:55:00,1.78,0.178,0.42,0,0.75
2023-01-01 19:15:00,2023-01-01 20:40:00,1.22,0.0677777777777778,0.23,1.08,1.41666666666667
2023-01-01 20:45:00,2023-01-02 09:30:00,3.67,0.0238311688311688,0.41,0.91,12.75
2023-01-02 17:35:00,2023-01-02 18:00:00,1.07,0.178333333333333,0.38,0,0.416666666666667
2023-01-04 02:00:00,2023-01-04 10:45:00,4.32,0.0407547169811321,0.55,1.42,8.75
2023-01-04 18:30:00,2023-01-04 20:10:00,1.48,0.0704761904761905,0.78,1.41,1.66666666666667
2023-01-05 02:30:00,2023-01-05 05:45:00,1.31,0.03275,0.17,0.66,3.25
2023-01-05 09:05:00,2023-01-05 12:15:00,1.74,0.0446153846153846,0.52,1.35,3.16666666666667
2023-01-06 22:10:00,2023-01-07 00:05:00,0.47,0.0195833333333333,0.21,0.36,1.91666666666667
2023-01-08 23:45:00,2023-01-09 02:35:00,5.49,0.156857142857143,0.82,3.22,2.83333333333333
2023-01-09 09:35:00,2023-01-09 13:55:00,2.27,0.0428301886792453,0.74,1.74,4.33333333333333
2023-01-10 17:50:00,2023-01-10 19:20:00,1.21,0.0636842105263158,0.11,0.88,1.5
2023-01-11 03:30:00,2023-01-11 06:55:00,3,0.0714285714285714,0.36,1.75,3.41666666666667
2023-01-11 21:35:00,2023-01-12 06:50:00,4.98,0.0444642857142857,0.19,1.19,9.25
2023-01-12 07:50:00,2023-01-12 08:10:00,0.15,0.03,0.05,0,0.333333333333333
2023-01-12 10:35:00,2023-01-12 23:20:00,6.77,0.043961038961039,0.26,1.95,12.75
2023-01-14 09:00:00,2023-01-14 17:55:00,9.2,0.0851851851851852,0.23,1.72,8.91666666666667
2023-01-14 19:00:00,2023-01-14 23:55:00,2.25,0.0375,0.54,1.1,4.91666666666667
2023-01-16 02:30:00,2023-01-16 02:55:00,1.22,0.203333333333333,0.47,0,0.416666666666667
2023-01-16 09:10:00,2023-01-16 19:25:00,5.5,0.0443548387096774,0.31,2.03,10.25
2023-01-17 01:05:00,2023-01-17 04:20:00,0.64,0.016,0.13,0.41,3.25
2023-01-19 05:55:00,2023-01-19 08:10:00,1.03,0.0367857142857143,0.14,0.74,2.25
2023-01-30 02:55:00,2023-01-30 05:35:00,1.34,0.0406060606060606,0.16,0.8,2.66666666666667
2023-01-30 13:05:00,2023-01-30 13:40:00,1.37,0.17125,0.4,0,0.583333333333333
2023-01-30 17:35:00,2023-01-30 18:00:00,0.46,0.0766666666666667,0.14,0,0.416666666666667
2023-02-01 11:20:00,2023-02-01 14:45:00,4.16,0.0990476190476191,0.8,2.8,3.41666666666667
2023-02-02 04:05:00,2023-02-02 17:25:00,16.1,0.1,0.33,2.6,13.3333333333333
2023-02-02 17:30:00,2023-02-02 17:40:00,0.05,0.0166666666666667,0.02,0,0.166666666666667
2023-02-05 02:30:00,2023-02-05 10:30:00,4.5,0.0463917525773196,0.33,1.39,8
2023-02-17 13:50:00,2023-02-17 18:35:00,1.83,0.031551724137931,0.38,1.7,4.75
2023-02-18 04:30:00,2023-02-18 11:40:00,3.32,0.0381609195402299,0.24,0.88,7.16666666666667
2023-02-18 23:45:00,2023-02-19 00:45:00,1.08,0.0830769230769231,0.44,1.08,1
2023-02-19 03:10:00,2023-02-19 03:25:00,0.16,0.04,0.08,0,0.25
2023-02-19 04:00:00,2023-02-19 04:05:00,0.07,0.035,0.07,0,0.0833333333333333
2023-02-19 07:10:00,2023-02-19 07:15:00,0.29,0.145,0.28,0,0.0833333333333333
2023-02-23 01:35:00,2023-02-23 11:35:00,4.76,0.0393388429752066,0.16,1.24,10
2023-02-24 08:30:00,2023-02-24 17:10:00,3.53,0.0336190476190476,0.46,0.87,8.66666666666667
2023-02-25 01:45:00,2023-02-25 04:20:00,1.01,0.0315625,0.34,0.62,2.58333333333333
2023-03-04 10:20:00,2023-03-04 10:45:00,0.66,0.11,0.24,0,0.416666666666667
2023-03-06 22:40:00,2023-03-07 17:40:00,9.53999999999999,0.0416593886462882,0.42,2.23,19
2023-03-09 13:10:00,2023-03-10 20:25:00,37.24,0.0990425531914893,0.55,3.32,31.25
2023-03-13 01:05:00,2023-03-13 04:20:00,1.94,0.0485,0.16,1.07,3.25
2023-03-18 06:15:00,2023-03-18 06:45:00,1.92,0.274285714285714,0.48,0,0.5
2023-03-18 16:20:00,2023-03-18 17:10:00,4.7,0.427272727272727,1.82,0,0.833333333333333
2023-03-21 06:45:00,2023-03-21 11:15:00,2.98,0.0541818181818182,0.16,1.16,4.5
2023-03-22 21:45:00,2023-03-22 23:55:00,2.72,0.100740740740741,0.22,1.49,2.16666666666667
2023-03-23 09:15:00,2023-03-23 10:25:00,4.08,0.272,1.23,4,1.16666666666667
2023-03-23 22:30:00,2023-03-24 04:35:00,3.52,0.0475675675675676,0.33,1.42,6.08333333333333
2023-03-24 12:30:00,2023-03-24 17:00:00,3.58,0.0650909090909091,0.51,1.79,4.5
2023-03-25 09:50:00,2023-03-25 17:20:00,5.45,0.0598901098901099,0.89,2.09,7.5
2023-03-26 12:40:00,2023-03-26 13:05:00,0.3,0.05,0.08,0,0.416666666666667
2023-03-30 07:15:00,2023-03-30 07:30:00,0.36,0.09,0.3,0,0.25
2023-03-31 02:40:00,2023-03-31 16:10:00,14.01,0.0859509202453988,2.19,5.18,13.5
2023-03-31 17:40:00,2023-04-01 07:10:00,9.39,0.0576073619631902,0.27,2.41,13.5
2023-04-01 14:15:00,2023-04-01 14:20:00,0.04,0.02,0.04,0,0.0833333333333333
2023-04-06 19:30:00,2023-04-07 08:45:00,7.54,0.047125,0.14,1.15,13.25
2023-04-10 18:15:00,2023-04-10 21:55:00,3.31,0.0735555555555556,0.39,1.5,3.66666666666667
2023-04-11 01:10:00,2023-04-11 05:00:00,4.04,0.0859574468085106,0.75,2.11,3.83333333333333
2023-04-12 06:05:00,2023-04-12 16:50:00,7.38,0.0567692307692308,0.46,2.16,10.75
2023-04-13 01:55:00,2023-04-13 03:35:00,0.36,0.0171428571428571,0.08,0.24,1.66666666666667
2023-04-13 08:50:00,2023-04-13 13:30:00,1.75,0.0307017543859649,0.62,1.55,4.66666666666667
2023-04-15 10:00:00,2023-04-15 13:15:00,1.13,0.02825,0.07,0.47,3.25
2023-04-21 19:55:00,2023-04-21 22:00:00,1.01,0.0388461538461538,0.25,0.89,2.08333333333333
2023-04-22 15:55:00,2023-04-22 20:00:00,0.96,0.0192,0.09,0.53,4.08333333333333
2023-04-23 17:20:00,2023-04-23 19:35:00,0.95,0.0339285714285714,0.22,0.79,2.25
2023-04-24 09:20:00,2023-04-24 16:00:00,9.9,0.122222222222222,0.72,5.41,6.66666666666667
2023-04-24 22:55:00,2023-04-25 01:35:00,1.11,0.0336363636363636,0.25,0.82,2.66666666666667
2023-05-01 15:45:00,2023-05-01 16:00:00,0.62,0.155,0.49,0,0.25
2023-05-05 04:45:00,2023-05-05 04:55:00,1.74,0.58,0.88,0,0.166666666666667
2023-05-05 14:05:00,2023-05-05 15:40:00,1.43,0.0715,0.24,0.99,1.58333333333333
2023-05-09 14:35:00,2023-05-10 05:20:00,31.7,0.17808988764045,5.4,14.96,14.75
2023-05-10 21:55:00,2023-05-11 00:55:00,5.5,0.148648648648649,0.33,2.39,3
2023-05-11 12:45:00,2023-05-11 21:40:00,3.82,0.0353703703703704,0.41,2.04,8.91666666666667
2023-05-22 00:15:00,2023-05-22 03:55:00,1.25,0.0277777777777778,0.32,0.93,3.66666666666667
2023-06-07 06:20:00,2023-06-07 06:50:00,0.58,0.0828571428571429,0.15,0,0.5
2023-06-20 04:15:00,2023-06-20 05:40:00,1.9,0.105555555555556,0.46,1.65,1.41666666666667
2023-06-22 13:20:00,2023-06-23 05:20:00,36.65,0.189896373056995,2.17,12.27,16
2023-06-30 00:00:00,2023-06-30 02:55:00,0.86,0.0238888888888889,0.16,0.68,2.91666666666667
2023-07-01 11:15:00,2023-07-01 17:35:00,6.86,0.0890909090909091,1.35,4.92,6.33333333333333
2023-07-02 02:35:00,2023-07-02 03:00:00,3.46,0.576666666666667,2.3,0,0.416666666666667
2023-07-05 01:35:00,2023-07-05 02:40:00,1.84,0.131428571428571,0.66,1.79,1.08333333333333
2023-07-09 16:30:00,2023-07-09 18:00:00,17.94,0.944210526315789,5.6,17.33,1.5
2023-07-11 20:40:00,2023-07-12 04:15:00,8.02,0.0871739130434783,1.48,4.19,7.58333333333333
2023-07-13 12:35:00,2023-07-13 12:50:00,2.58,0.645,1.36,0,0.25
2023-07-13 13:40:00,2023-07-13 17:55:00,1.63,0.0313461538461538,0.51,1.61,4.25
2023-07-15 19:55:00,2023-07-15 20:20:00,1.72,0.286666666666667,0.92,0,0.416666666666667
2023-07-17 00:05:00,2023-07-17 00:20:00,0.37,0.0925,0.21,0,0.25
2023-07-17 15:35:00,2023-07-17 15:55:00,2.53,0.506,1.82,0,0.333333333333333
2023-07-20 02:00:00,2023-07-20 02:25:00,1.8,0.3,1.16,0,0.416666666666667
2023-07-21 18:15:00,2023-07-21 18:45:00,2.4,0.342857142857143,1.55,0,0.5
2023-07-22 20:15:00,2023-07-22 23:30:00,1.62,0.0405,0.13,0.92,3.25
2023-07-23 12:20:00,2023-07-23 13:00:00,0.34,0.0377777777777778,0.12,0,0.666666666666667
2023-07-23 18:30:00,2023-07-23 21:50:00,1.47,0.0358536585365854,0.48,1.04,3.33333333333333
2023-07-24 04:25:00,2023-07-24 07:10:00,9.69,0.285,2.04,7.51,2.75
2023-07-27 02:35:00,2023-07-27 17:30:00,14.24,0.0791111111111111,0.58,5.04,14.9166666666667
2023-07-29 13:55:00,2023-07-29 14:45:00,0.89,0.0809090909090909,0.16,0,0.833333333333333
2023-07-30 21:30:00,2023-07-31 08:15:00,7.93,0.061,0.79,3.4,10.75
2023-07-31 16:35:00,2023-07-31 21:25:00,5.43,0.0920338983050848,1.06,3.07,4.83333333333333
2023-08-01 02:55:00,2023-08-01 10:35:00,4.67,0.0502150537634409,2.58,3.15,7.66666666666667
2023-08-02 06:55:00,2023-08-02 16:55:00,12.75,0.105371900826446,2.31,3.63,10
2023-08-02 21:05:00,2023-08-03 08:30:00,20.21,0.146449275362319,1.34,5.72,11.4166666666667
2023-08-03 10:05:00,2023-08-03 18:15:00,2.57,0.025959595959596,0.83,1.59,8.16666666666667
2023-08-04 14:15:00,2023-08-04 14:45:00,1.66,0.237142857142857,0.78,0,0.5
2023-08-05 15:30:00,2023-08-05 18:15:00,4.52,0.132941176470588,0.39,2.9,2.75
2023-08-06 12:45:00,2023-08-06 18:35:00,15.63,0.220140845070423,2.56,10.63,5.83333333333333
2023-08-07 07:05:00,2023-08-07 08:55:00,2.55,0.110869565217391,0.81,1.57,1.83333333333333
2023-08-08 16:05:00,2023-08-08 23:50:00,2.31,0.0245744680851064,0.21,0.92,7.75
2023-08-11 23:10:00,2023-08-12 02:25:00,4.56,0.114,0.34,2.52,3.25
2023-08-12 07:40:00,2023-08-12 10:00:00,10.66,0.367586206896552,1.5,7.53,2.33333333333333
2023-08-15 05:10:00,2023-08-15 05:50:00,0.74,0.0822222222222222,0.24,0,0.666666666666667
2023-08-16 01:05:00,2023-08-16 02:35:00,1.8,0.0947368421052631,0.88,1.6,1.5
2023-08-16 07:20:00,2023-08-16 08:50:00,0.79,0.0415789473684211,0.24,0.64,1.5
2023-08-17 02:35:00,2023-08-17 06:45:00,15.46,0.303137254901961,2.36,9.28,4.16666666666667
2023-08-19 12:55:00,2023-08-19 13:05:00,0.04,0.0133333333333333,0.03,0,0.166666666666667
2023-08-25 08:35:00,2023-08-25 12:30:00,6.77,0.141041666666667,0.52,3.74,3.91666666666667
2023-08-27 08:05:00,2023-08-27 14:50:00,4.72,0.0575609756097561,0.96,2.73,6.75
2023-08-30 11:30:00,2023-08-30 13:10:00,3.33,0.158571428571429,0.37,2.43,1.66666666666667
2023-08-30 17:20:00,2023-08-30 17:35:00,0.71,0.1775,0.56,0,0.25
2023-08-31 10:45:00,2023-08-31 15:20:00,2.52,0.045,1.12,1.54,4.58333333333333
2023-09-11 21:55:00,2023-09-12 09:20:00,38.95,0.282246376811594,8.76,22.37,11.4166666666667
2023-09-12 21:45:00,2023-09-13 08:45:00,13.92,0.104661654135338,1.91,7.47,11
2023-09-18 05:05:00,2023-09-18 05:25:00,1.15,0.23,0.61,0,0.333333333333333
2023-09-18 18:00:00,2023-09-18 19:00:00,1.38,0.106153846153846,0.29,1.38,1
2023-09-21 15:15:00,2023-09-21 20:55:00,20.46,0.296521739130435,5.84,16.6,5.66666666666667
2023-09-22 18:20:00,2023-09-22 18:40:00,0.97,0.194,0.48,0,0.333333333333333
2023-09-22 22:50:00,2023-09-22 23:20:00,1.6,0.228571428571429,0.68,0,0.5
2023-09-29 14:40:00,2023-09-29 14:50:00,0.93,0.31,0.49,0,0.166666666666667
2023-10-03 11:00:00,2023-10-03 15:00:00,2.19,0.0446938775510204,0.44,2,4
2023-10-03 16:25:00,2023-10-03 16:30:00,0.48,0.24,0.47,0,0.0833333333333333
2023-10-08 01:40:00,2023-10-08 05:25:00,0.97,0.0210869565217391,0.14,0.46,3.75
2023-10-09 05:45:00,2023-10-09 05:55:00,0.09,0.03,0.06,0,0.166666666666667
2023-10-12 00:20:00,2023-10-12 16:50:00,26.39,0.132613065326633,1.44,6.5,16.5
2023-10-12 20:25:00,2023-10-12 20:30:00,0.09,0.045,0.08,0,0.0833333333333333
2023-10-13 04:25:00,2023-10-13 06:15:00,1.25,0.0543478260869565,0.24,1,1.83333333333333
2023-10-13 17:15:00,2023-10-14 02:10:00,23.6,0.218518518518518,2.19,10.75,8.91666666666667
2023-10-14 13:45:00,2023-10-14 14:00:00,4.62,1.155,3.71,0,0.25
2023-10-18 22:00:00,2023-10-19 03:20:00,9.24,0.142153846153846,0.71,4.79,5.33333333333333
2023-10-20 05:20:00,2023-10-20 15:15:00,18.29,0.152416666666667,0.81,4.17,9.91666666666667
2023-10-21 04:15:00,2023-10-21 07:05:00,2.67,0.0762857142857143,0.18,1.43,2.83333333333333
2023-10-23 21:40:00,2023-10-23 23:20:00,1.31,0.0623809523809524,0.22,0.96,1.66666666666667
2023-10-25 14:05:00,2023-10-25 18:30:00,9.11,0.168703703703704,0.65,3.61,4.41666666666667
2023-10-26 01:35:00,2023-10-26 02:15:00,0.18,0.02,0.07,0,0.666666666666667
2023-10-27 06:35:00,2023-10-27 19:45:00,9.58999999999999,0.060314465408805,0.3,1.53,13.1666666666667
2023-10-28 09:05:00,2023-10-28 10:40:00,0.59,0.0295,0.16,0.33,1.58333333333333
2023-10-28 21:30:00,2023-10-29 00:20:00,2.97,0.0848571428571429,0.24,1.54,2.83333333333333
2023-10-29 15:15:00,2023-10-29 16:50:00,3.53,0.1765,1.45,3.18,1.58333333333333
2023-10-30 16:25:00,2023-10-31 00:25:00,5.96,0.0614432989690721,0.45,2.8,8
2023-10-31 05:30:00,2023-10-31 06:25:00,2.38,0.198333333333333,0.53,2.38,0.916666666666667
2023-10-31 14:15:00,2023-10-31 14:25:00,0.54,0.18,0.45,0,0.166666666666667
2023-10-31 14:40:00,2023-11-01 00:10:00,2.55,0.0221739130434783,0.21,0.92,9.5
2023-11-01 04:40:00,2023-11-01 07:10:00,1.05,0.0338709677419355,0.1,0.7,2.5
2023-11-04 14:00:00,2023-11-04 22:05:00,5.12,0.0522448979591837,0.45,1.66,8.08333333333333
2023-11-05 03:20:00,2023-11-05 05:30:00,1.58,0.0585185185185185,0.14,1,2.16666666666667
2023-11-05 09:55:00,2023-11-05 18:25:00,2.76,0.0267961165048544,0.3,1.26,8.5
2023-11-06 15:40:00,2023-11-06 16:15:00,1.29,0.16125,0.43,0,0.583333333333333
2023-11-08 03:00:00,2023-11-08 03:20:00,1.17,0.234,0.53,0,0.333333333333333
2023-11-08 15:30:00,2023-11-09 01:10:00,7.71,0.0658974358974359,0.35,2.42,9.66666666666667
2023-11-09 02:30:00,2023-11-09 11:20:00,2.21,0.0206542056074766,0.25,1.02,8.83333333333333
2023-11-09 19:50:00,2023-11-09 21:25:00,1.7,0.085,0.32,1.5,1.58333333333333
2023-11-10 00:45:00,2023-11-10 01:15:00,0.31,0.0442857142857143,0.15,0,0.5
2023-11-10 21:25:00,2023-11-11 00:50:00,10.69,0.254523809523809,0.71,5.29,3.41666666666667
2023-11-11 10:40:00,2023-11-11 11:00:00,0.2,0.04,0.08,0,0.333333333333333
2023-11-11 12:25:00,2023-11-11 17:00:00,1.59,0.0283928571428571,0.34,1.32,4.58333333333333
2023-11-13 08:30:00,2023-11-13 14:40:00,8.32,0.110933333333333,1.09,3.24,6.16666666666667
2023-11-14 00:30:00,2023-11-14 02:50:00,4.62,0.159310344827586,1.86,4.19,2.33333333333333
2023-11-14 07:30:00,2023-11-14 11:10:00,1.07,0.0237777777777778,0.35,0.71,3.66666666666667
2023-11-14 16:45:00,2023-11-15 00:50:00,5.76,0.0587755102040816,0.73,1.62,8.08333333333333
2023-11-15 06:30:00,2023-11-15 10:35:00,4.75,0.095,0.7,2.12,4.08333333333333
2023-11-18 12:55:00,2023-11-18 19:35:00,7.99,0.098641975308642,0.36,2.07,6.66666666666667
2023-11-19 08:15:00,2023-11-19 09:35:00,0.89,0.0523529411764706,0.21,0.6,1.33333333333333
2023-11-19 18:25:00,2023-11-20 05:20:00,8.26,0.0625757575757576,0.36,1.77,10.9166666666667
2023-11-21 07:20:00,2023-11-21 08:55:00,0.63,0.0315,0.13,0.61,1.58333333333333
2023-11-23 16:20:00,2023-11-23 22:35:00,4.08,0.0536842105263158,0.63,1.18,6.25
2023-11-24 04:40:00,2023-11-24 07:40:00,0.77,0.0208108108108108,0.2,0.6,3
2023-11-24 12:10:00,2023-11-24 20:00:00,4.82,0.0507368421052631,0.79,2.45,7.83333333333333
2023-11-25 08:25:00,2023-11-25 12:15:00,1.83,0.038936170212766,0.36,1.29,3.83333333333333
2023-11-26 16:30:00,2023-11-26 20:55:00,0.79,0.0146296296296296,0.09,0.61,4.41666666666667
2023-11-27 01:35:00,2023-11-27 20:50:00,20.06,0.0864655172413793,0.24,2,19.25
2023-11-28 23:00:00,2023-11-29 00:05:00,2.12,0.151428571428571,0.43,2.08,1.08333333333333
2023-11-29 01:55:00,2023-11-29 06:00:00,0.96,0.0192,0.16,0.58,4.08333333333333
2023-11-29 17:05:00,2023-11-29 17:55:00,1.18,0.107272727272727,0.28,0,0.833333333333333
2023-12-03 21:35:00,2023-12-04 00:50:00,2.1,0.0525,0.13,1.17,3.25
2023-12-04 18:30:00,2023-12-04 20:05:00,0.85,0.0425,0.09,0.58,1.58333333333333
2023-12-05 05:05:00,2023-12-05 18:05:00,4.07,0.0259235668789809,0.11,0.97,13
2023-12-06 05:05:00,2023-12-06 08:20:00,0.51,0.01275,0.04,0.24,3.25
2023-12-06 10:20:00,2023-12-06 10:25:00,0.02,0.01,0.02,0,0.0833333333333333
2023-12-08 04:45:00,2023-12-08 06:50:00,1.82,0.07,0.19,1.26,2.08333333333333
2023-12-09 14:55:00,2023-12-09 20:05:00,5.16,0.0819047619047619,0.39,2.16,5.16666666666667
2023-12-10 03:05:00,2023-12-10 06:15:00,1.95,0.05,0.11,0.76,3.16666666666667
2023-12-10 18:30:00,2023-12-10 20:25:00,2.25,0.09375,0.34,1.59,1.91666666666667
2023-12-11 04:15:00,2023-12-11 09:30:00,2.89,0.04515625,0.27,1.31,5.25
2023-12-12 00:40:00,2023-12-12 01:00:00,0.35,0.07,0.15,0,0.333333333333333
2023-12-12 16:35:00,2023-12-12 18:55:00,1.65,0.0568965517241379,0.53,1.15,2.33333333333333
2023-12-13 05:45:00,2023-12-13 11:50:00,6.53,0.0882432432432432,0.5,3.16,6.08333333333333
2023-12-13 17:10:00,2023-12-13 21:15:00,1.69,0.0338,0.22,1.35,4.08333333333333
2023-12-19 05:45:00,2023-12-19 21:20:00,14.83,0.0788829787234042,0.28,2.56,15.5833333333333
2023-12-20 10:05:00,2023-12-21 16:45:00,21.8,0.0590785907859078,1.3,4.77,30.6666666666667
2023-12-22 10:00:00,2023-12-22 19:45:00,3.15,0.0266949152542373,0.24,1.38,9.75
2023-12-23 03:50:00,2023-12-23 16:40:00,13.95,0.09,0.34,3.05,12.8333333333333
2023-12-23 22:45:00,2023-12-24 01:30:00,1.58,0.0464705882352941,0.17,0.79,2.75
2023-12-24 03:35:00,2023-12-24 04:30:00,0.33,0.0275,0.07,0.33,0.916666666666667
2023-12-24 09:50:00,2023-12-24 17:25:00,7.96,0.0865217391304348,0.61,4.4,7.58333333333333
2023-12-24 17:30:00,2023-12-24 17:50:00,0.25,0.05,0.1,0,0.333333333333333
2023-12-24 21:30:00,2023-12-25 05:45:00,7.14,0.0714,1.22,6.08,8.25
2023-12-25 18:35:00,2023-12-26 04:35:00,12.65,0.104545454545455,1.32,3.64,10
2023-12-27 09:40:00,2023-12-27 11:40:00,1.49,0.0596,0.15,1.02,2
2023-12-29 08:15:00,2023-12-29 08:50:00,0.56,0.07,0.33,0,0.583333333333333
2023-12-29 15:50:00,2023-12-29 23:50:00,6.73,0.0693814432989691,0.81,3,8
2023-12-31 14:00:00,2023-12-31 14:30:00,1.12,0.16,0.39,0,0.5
